Open Time,Open,High,Low,Close,Volume,Close Time,Quote Asset Volume,Number of Trades,Taker Buy Base Asset Volume,Taker Buy Quote Asset Volume,Ignore
2023-01-21,22666.0,23371.8,22422.0,22783.55,346445.48432,1674345599999,7938935168.532014,7796520,172663.17131,3956916674.402963,0
2023-01-22,22783.35,23078.71,22292.37,22707.88,253577.75286,1674431999999,5775552321.544121,6603827,125842.91663,2866409820.7225704,0
2023-01-23,22706.02,23180.0,22500.0,22916.45,293588.37938,1674518399999,6704191295.97568,7258655,145854.70936,3330927704.48361,0
2023-01-24,22917.81,23162.2,22462.93,22632.89,293158.78254,1674604799999,6721432962.573841,7395584,144239.84356,3307407342.13858,0
2023-01-25,22631.94,23816.73,22300.0,23060.94,346042.83223,1674691199999,7875590359.115837,8060446,172647.90115,3929821773.9651175,0
2023-01-26,23060.42,23282.47,22850.01,23009.65,288924.43581,1674777599999,6664592468.337928,7181086,143185.08341,3303064271.0511746,0
2023-01-27,23009.65,23500.0,22534.88,23074.16,280833.86315,1674863999999,6461707755.053915,7079096,139699.27638,3214623770.8450403,0
2023-01-28,23074.16,23189.0,22878.46,23022.6,148115.71085,1674950399999,3408985411.316586,4181816,73861.83566,1700057503.749539,0
2023-01-29,23021.4,23960.54,22967.76,23742.3,295688.79204,1675036799999,6941922954.136406,7030837,149507.5061,3510026672.7997174,0
2023-01-30,23743.37,23800.51,22500.0,22826.15,302405.90121,1675123199999,7020727239.059652,7790224,149096.53066,3461492907.172606,0
2023-01-31,22827.38,23320.0,22714.77,23125.13,264649.34909,1675209599999,6083858924.538486,6798411,133028.12717,3058369006.2406993,0
2023-02-01,23125.13,23812.66,22760.23,23732.66,310790.42271,1675295999999,7212542002.325099,7863213,156107.58478,3623730152.719127,0
2023-02-02,23731.41,24255.0,23363.27,23488.94,364177.20751,1675382399999,8673696845.80511,9102300,181814.20318,4330715913.906593,0
2023-02-03,23489.33,23715.7,23204.62,23431.9,332571.02904,1675468799999,7806490899.914181,8007846,166143.33246,3900042090.516365,0
2023-02-04,23431.9,23587.78,23253.96,23326.84,166126.47295,1675555199999,3886777607.796051,4852404,81863.93145,1915443497.6889513,0
2023-02-05,23327.66,23433.33,22743.0,22932.91,209251.33917,1675641599999,4842463016.833934,5903916,103885.22312,2404286621.1203337,0
2023-02-06,22932.91,23158.25,22628.13,22762.52,265371.6069,1675727999999,6076050768.117038,6956395,132350.52989,3030470974.62453,0
2023-02-07,22762.52,23350.25,22745.78,23240.46,308006.72482,1675814399999,7085929136.456849,8293878,154613.24744,3557209786.5153685,0
2023-02-08,23242.42,23452.0,22665.85,22963.0,280056.30717,1675900799999,6457585647.820655,7896433,138627.72636,3196783919.6301227,0
2023-02-09,22961.85,23011.39,21688.0,21796.35,402894.6955,1675987199999,9052973327.197163,9784291,199309.68374,4478800426.302857,0
2023-02-10,21797.83,21938.16,21451.0,21625.19,338591.94247,1676073599999,7369456394.906654,6993675,167419.66937,3644087094.706669,0
2023-02-11,21625.19,21906.32,21599.78,21862.55,177021.58433,1676159999999,3842000897.7975802,4207940,87937.9597,1908638569.7798102,0
2023-02-12,21862.02,22090.0,21630.0,21783.54,204435.65163,1676246399999,4469822441.4372015,4561903,101194.34699,2212545781.0931144,0
2023-02-13,21782.37,21894.99,21351.07,21773.97,295730.76791,1676332799999,6404813758.2696295,6503611,147221.38569,3188732830.1994424,0
2023-02-14,21774.63,22319.08,21532.77,22199.84,361958.40109,1676419199999,7938385476.792084,7695927,182006.71562,3991901041.9023824,0
2023-02-15,22199.84,24380.0,22047.28,24324.05,375669.16111,1676505599999,8604133693.663172,8335550,190798.1552,4372346767.103614,0
2023-02-16,24322.87,25250.0,23505.25,23517.72,450080.68366,1676591999999,11074988148.779009,11006793,224396.77566,5522891581.325578,0
2023-02-17,23517.72,25021.11,23339.37,24569.97,496813.21376,1676678399999,11968532252.05733,10895009,249087.94774,6001870488.345367,0
2023-02-18,24568.24,24877.0,24430.0,24631.95,216917.25213,1676764799999,5339920389.516133,6296097,107467.08761,2645647445.8196015,0
2023-02-19,24632.05,25192.0,24192.57,24271.76,300395.99542,1676851199999,7408745406.624344,7660484,149680.28058,3692030229.980345,0
2023-02-20,24272.51,25121.23,23840.83,24842.2,346938.56997,1676937599999,8561226688.07291,9808728,174453.04334,4305469238.849922,0
2023-02-21,24843.89,25250.0,24148.34,24452.16,376000.82868,1677023999999,9280992344.428871,10712371,187029.49757,4617218785.187702,0
2023-02-22,24450.67,24476.05,23574.69,24182.21,379425.75365,1677110399999,9101745945.990707,11395957,188203.74268,4515001623.435453,0
2023-02-23,24182.21,24599.59,23608.0,23940.2,398400.45437,1677196799999,9596083721.512953,11396877,198080.68369,4771375630.511308,0
2023-02-24,23940.2,24132.35,22841.19,23185.29,343582.57453,1677283199999,8087524100.39044,11531424,170263.13353,4008150118.2167997,0
2023-02-25,23184.04,23219.13,22722.0,23157.07,191311.8101,1677369599999,4406286300.272117,9124568,94440.13964,2175283940.9041314,0
2023-02-26,23157.07,23689.99,23059.18,23554.85,202323.73623,1677455999999,4716158181.22559,9506015,101003.39278,2354572412.6900682,0
2023-02-27,23554.85,23897.99,23106.77,23492.09,283706.0859,1677542399999,6659785788.329373,11754195,141360.04845,3318353869.99525,0
2023-02-28,23492.09,23600.0,23020.97,23141.57,264140.99894,1677628799999,6172930936.037334,9568743,131200.82704,3066249880.6703186,0
2023-03-01,23141.57,24000.0,23020.03,23628.97,315287.41737,1677715199999,7441571085.495408,9390487,157961.92667,3728256787.110094,0
2023-03-02,23629.76,23796.93,23195.9,23465.32,239315.45219,1677801599999,5603770010.239548,7435815,119522.00584,2798797976.70041,0
2023-03-03,23465.32,23476.95,21971.13,22354.34,319954.19785,1677887999999,7167184765.7436495,8214639,156827.31366,3512245357.186191,0
2023-03-04,22354.34,22410.0,22157.08,22346.57,121257.38132,1677974399999,2706422995.680256,4169260,60043.33153,1340204531.1540701,0
2023-03-05,22346.57,22662.09,22189.22,22430.24,154841.75786,1678060799999,3473011455.1879516,4835978,77394.35765,1735989090.899561,0
2023-03-06,22430.24,22602.19,22258.0,22410.0,203751.82957,1678147199999,4569102169.185691,6471278,102110.26304,2289889200.1667166,0
2023-03-07,22409.41,22557.91,21927.0,22197.96,292519.80912,1678233599999,6517594938.246053,7813394,145498.64219,3242136502.654673,0
2023-03-08,22198.56,22287.0,21580.0,21705.44,301460.57272,1678319999999,6641171704.242421,8018963,150008.02488,3304860256.104994,0
2023-03-09,21704.37,21834.99,20042.72,20362.22,443658.28584,1678406399999,9403028764.707773,10076702,217900.59621,4619803522.043237,0
2023-03-10,20362.21,20367.78,19549.09,20150.69,618456.4671,1678492799999,12344992788.912497,12106261,308155.80993,6151475123.535514,0
2023-03-11,20150.69,20686.51,19765.03,20455.73,427831.82133,1678579199999,8651590672.468525,10412300,213151.47855,4310534195.909292,0
2023-03-12,20455.73,22150.0,20270.6,21997.11,430944.94288,1678665599999,8982418413.80114,9721933,218639.0688,4558127964.925804,0
2023-03-13,21998.05,24500.0,21813.88,24113.48,687889.31259,1678751999999,15824996078.605639,14820760,346688.17025,7976620081.706099,0
2023-03-14,24112.27,26386.87,23976.42,24670.41,699360.93423,1678838399999,17465307097.884075,15223589,351739.11994,8783916247.676138,0
2023-03-15,24670.41,25196.97,23896.95,24285.66,581450.72984,1678924799999,14291005743.897852,12613034,291192.86696,7157472156.962334,0
2023-03-16,24285.66,25167.4,24123.0,24998.78,439421.32998,1679011199999,10847330151.941006,10418081,220403.30289,5441432259.260846,0
2023-03-17,24998.78,27756.84,24890.0,27395.13,624460.68091,1679097599999,16476681071.24338,13113359,318022.61356,8392477832.002322,0
2023-03-18,27395.13,27724.85,26578.0,26907.49,371238.97174,1679183999999,10135945069.64263,9948603,185687.70768,5070480124.593879,0
2023-03-19,26907.49,28390.1,26827.22,27972.87,372066.99054,1679270399999,10264707987.594164,9578297,188150.56147,5191102286.400918,0
2023-03-20,27972.87,28472.0,27124.47,27717.01,477378.23373,1679356799999,13300424536.514921,11775950,239765.29148,6680704887.532146,0
2023-03-21,27717.01,28438.55,27303.1,28105.47,420929.7422,1679443199999,11760492716.33759,11530870,210472.34027,5880942507.630011,0
2023-03-22,28107.81,28868.05,26601.8,27250.97,224113.41296,1679529599999,6272099822.449624,3589327,110355.97386,3089585214.115064,0
2023-03-23,27250.97,28750.0,27105.0,28295.41,128649.60818,1679615999999,3591123573.1149583,2159091,65172.02479,1819323637.2903445,0
2023-03-24,28295.42,28374.3,27000.0,27454.47,86242.06544,1679702399999,2403443392.0273013,1511137,41449.56122,1155147465.7389932,0
2023-03-25,27454.46,27787.33,27156.09,27462.95,50844.08102,1679788799999,1397227639.2141378,1088721,25326.94876,696042529.0839624,0
2023-03-26,27462.96,28194.4,27417.76,27968.05,49671.70353,1679875199999,1380973402.9961205,1068196,25248.15818,702028235.0573266,0
2023-03-27,27968.05,28023.86,26508.14,27124.91,88039.46898,1679961599999,2407130888.034605,1575264,43151.91539,1179905180.6135278,0
2023-03-28,27124.9,27520.0,26631.78,27261.07,78602.44341,1680047999999,2124533606.765556,1521981,38972.61486,1053473599.2587688,0
2023-03-29,27261.06,28650.0,27240.1,28348.6,89486.16008,1680134399999,2519887866.2111588,1704217,45742.08025,1288220696.4926782,0
2023-03-30,28348.6,29184.68,27686.0,28028.53,98865.43256,1680220799999,2808471938.6424427,1843652,49100.20979,1394972886.7062368,0
2023-03-31,28028.53,28656.69,27511.71,28465.36,78198.12139,1680307199999,2203253311.777351,1537349,39636.47111,1117184234.1868575,0
2023-04-01,28465.36,28819.71,28220.27,28452.73,30238.44753,1680393599999,860804237.452269,822781,15171.37738,431931567.4827481,0
2023-04-02,28452.74,28530.0,27856.43,28171.87,37365.65692,1680479999999,1053600933.0676805,938464,17897.01839,504647268.0863643,0
2023-04-03,28171.87,28500.99,27200.24,27800.0,79180.01405,1680566399999,2214361048.7823668,1651062,40534.82008,1133865764.0916288,0
2023-04-04,27800.0,28444.44,27662.79,28165.47,49722.55691,1680652799999,1397141464.875036,1102007,25083.95234,704845402.4191409,0
2023-04-05,28165.47,28775.0,27805.1,28170.01,60737.64732,1680739199999,1721098539.0660567,1262730,30556.88672,865971090.1704682,0
2023-04-06,28170.01,28182.05,27711.0,28033.82,40118.94963,1680825599999,1122713087.5561826,934548,19308.64369,540384260.8568,0
2023-04-07,28033.83,28100.0,27766.94,27906.33,24762.09387,1680911999999,691323748.9286413,655634,11983.13367,334559478.4702819,0
2023-04-08,27906.34,28154.99,27859.02,27938.38,19479.96735,1680998399999,545324518.6860754,624159,9729.24214,272366679.3440387,0
2023-04-09,27938.38,28530.0,27800.0,28323.76,32531.16101,1681084799999,913915923.6951957,777589,16885.70757,474454325.3569296,0
2023-04-10,28323.76,29770.0,28170.0,29637.34,67754.0622,1681171199999,1955300943.1708305,1285695,36147.62326,1043138687.5916125,0
2023-04-11,29637.35,30550.0,29590.0,30200.42,67990.07621,1681257599999,2046078278.0821176,1340458,34766.92718,1046250622.2934568,0
2023-04-12,30200.43,30486.0,29637.4,29888.07,62049.48451,1681343999999,1863497606.1415303,1246556,31136.38576,935223730.572567,0
2023-04-13,29888.07,30595.0,29854.59,30373.84,51934.11731,1681430399999,1571091101.1299672,1054144,26767.65298,809748635.0025868,0
2023-04-14,30373.84,31000.0,29966.0,30466.93,75984.19452,1681516799999,2323267494.38023,1504180,38406.59006,1174371283.5651665,0
2023-04-15,30466.93,30595.6,30202.0,30295.09,25429.81247,1681603199999,772211097.614016,732418,12424.34509,377293528.3129067,0
2023-04-16,30295.1,30549.99,30120.0,30304.65,26431.99322,1681689599999,801322926.1525651,708233,13163.73591,399115587.0035981,0
2023-04-17,30304.66,30316.06,29240.65,29430.27,56441.81127,1681775999999,1675287761.4330356,1137294,26880.17771,797711012.8071816,0
2023-04-18,29430.27,30485.0,29096.78,30380.01,62004.89434,1681862399999,1861001491.9786973,1141562,32417.57068,972769560.7303039,0
2023-04-19,30380.01,30413.53,28520.0,28797.1,86575.48656,1681948799999,2541283888.303447,1699891,41467.78872,1217556267.2010958,0
2023-04-20,28797.1,29088.3,28010.0,28243.65,76879.09372,1682035199999,2198854031.424746,1434642,36919.58585,1055949765.7724996,0
2023-04-21,28243.65,28374.02,27125.0,27262.84,77684.7679,1682121599999,2164667611.9354606,1463628,38419.13612,1070540576.475792,0
2023-04-22,27262.84,27882.72,27140.35,27816.85,36023.69686,1682207999999,989379475.3218232,859500,18612.89655,511200971.6362268,0
2023-04-23,27816.85,27816.85,27311.25,27590.6,34812.09581,1682294399999,959389698.7572551,873485,17610.47671,485328645.6943109,0
2023-04-24,27590.59,28000.0,26942.82,27510.93,53111.56874,1682380799999,1458406515.6404214,1211080,25641.28044,704079582.6514922,0
2023-04-25,27510.93,28399.99,27192.0,28300.79,52325.14637,1682467199999,1446329375.242731,1087067,26833.47192,742069216.9989536,0
2023-04-26,28300.8,30036.0,27235.0,28415.29,129228.40403,1682553599999,3719701461.9091635,2261942,64540.55521,1857698379.2654004,0
2023-04-27,28415.29,29890.0,28378.86,29472.77,95430.82431,1682639999999,2784859692.3646197,1990148,48601.97474,1418439305.6179047,0
2023-04-28,29472.77,29599.54,28891.0,29311.7,54298.16578,1682726399999,1590683771.6681979,1129240,26659.2164,780784851.5470374,0
2023-04-29,29311.69,29448.88,29031.0,29230.45,20466.83058,1682812799999,599466910.0466621,619319,10024.59978,293627195.7058327,0
2023-04-30,29230.45,29969.39,29079.59,29233.21,39752.5372,1682899199999,1172155267.8761897,949458,19894.27252,586711670.5560739,0
2023-05-01,29233.2,29337.34,27666.95,28068.26,64433.65958,1682985599999,1828221138.9544399,1362793,30761.9269,872712018.1808254,0
2023-05-02,28068.26,28879.88,27872.0,28669.86,50824.5224,1683071999999,1441733922.0116444,1174697,24789.36748,703206831.7801806,0
2023-05-03,28669.85,29266.66,28113.69,29026.16,64615.79213,1683158399999,1845961218.8432436,1502909,32291.20998,922549963.2507579,0
2023-05-04,29026.16,29379.83,28663.64,28838.16,42575.47501,1683244799999,1233816136.1606576,961542,20470.2124,593281438.9381377,0
2023-05-05,28838.16,29677.0,28800.0,29505.61,58415.83048,1683331199999,1709786814.901134,1288027,29071.98606,850975342.6424303,0
2023-05-06,29505.6,29820.0,28300.0,28848.2,49249.28459,1683417599999,1429517892.780502,1221021,23315.95073,676717267.0117224,0
2023-05-07,28848.19,29138.29,28395.23,28430.1,30003.41028,1683503999999,865838535.326382,855425,14904.01102,430162358.6294252,0
2023-05-08,28430.09,28631.01,27262.0,27668.79,68244.36179,1683590399999,1903052694.6684127,1600637,32347.56935,901988104.11036,0
2023-05-09,27668.8,27818.0,27353.0,27628.27,40113.31069,1683676799999,1106923908.305847,1003698,20094.09737,554561922.8053713,0
2023-05-10,27628.28,28331.42,26777.0,27598.75,71155.11355,1683763199999,1971173412.435502,1534579,34398.83676,953153016.5096189,0
2023-05-11,27598.74,27630.14,26702.05,26968.62,47635.31365,1683849599999,1295799109.011004,1257000,23270.11723,632925807.4925774,0
2023-05-12,26968.61,27091.12,25811.46,26795.01,67207.93494,1683935999999,1777052127.731093,1351633,33147.27251,876487224.2550423,0
2023-05-13,26795.01,27045.45,26692.03,26775.28,22814.90421,1684022399999,612062852.0866882,605049,10959.29947,294038915.0326263,0
2023-05-14,26775.27,27200.0,26560.53,26917.62,21594.8036,1684108799999,580801698.0002693,629537,10672.14983,287060095.3315276,0
2023-05-15,26917.61,27663.59,26726.0,27162.14,40430.08333,1684195199999,1104633264.131574,935914,19301.24631,527237637.3310134,0
2023-05-16,27162.15,27296.89,26852.11,27033.84,33270.45451,1684281599999,900273404.6010331,815642,15970.99932,432214355.0561344,0
2023-05-17,27033.85,27500.0,26544.71,27405.61,42958.97785,1684367999999,1159714527.6352634,1016823,21634.02212,584185553.7913067,0
2023-05-18,27405.62,27485.33,26361.2,26821.28,49198.65143,1684454399999,1330745572.6946373,1057318,23659.89374,640128055.9068437,0
2023-05-19,26821.28,27183.6,26630.0,26880.26,28754.13544,1684540799999,772864757.1633048,756295,13622.24812,366169697.3870807,0
2023-05-20,26880.26,27150.0,26825.11,27102.43,14434.54718,1684627199999,389225653.7451669,481382,6769.94368,182562924.6341634,0
2023-05-21,27102.42,27277.55,26666.03,26747.78,21347.87279,1684713599999,575213570.2794422,568937,9855.43959,265526847.3320675,0
2023-05-22,26747.78,27099.89,26538.21,26849.27,26458.83828,1684799999999,709594996.7242744,717111,12639.67925,338982776.4596819,0
2023-05-23,26849.28,27495.83,26798.11,27219.61,38700.83858,1684886399999,1054565781.6023751,816399,18966.20117,516737777.2652495,0
2023-05-24,27219.61,27219.61,26080.5,26329.01,54393.0657,1684972799999,1442636235.4543552,1012767,26698.91191,707870181.8163438,0
2023-05-25,26329.0,26631.98,25871.89,26473.79,37435.44895,1685059199999,984117789.7017612,753125,17773.08882,467287939.9395918,0
2023-05-26,26473.8,26932.16,26327.24,26705.92,35061.18713,1685145599999,932817724.59401,655755,16507.37461,439209106.7446719,0
2023-05-27,26705.93,26895.0,26551.0,26854.27,15095.6867,1685231999999,403337263.0344908,415694,7152.30076,191116596.7726723,0
2023-05-28,26854.28,28261.32,26764.36,28065.0,43916.00855,1685318399999,1205762341.9704952,843861,23346.55866,640869473.6004443,0
2023-05-29,28065.01,28447.14,27524.6,27736.4,42385.41945,1685404799999,1182678581.634669,805579,20199.85331,563722083.6591941,0
2023-05-30,27736.39,28038.59,27554.0,27694.4,32686.75371,1685491199999,908653906.0072742,745633,15196.52438,422438614.8525725,0
2023-05-31,27694.39,27835.51,26839.01,27210.35,46588.80573,1685577599999,1265952178.7798684,908537,21962.66824,596493723.439264,0
2023-06-01,27210.36,27350.0,26605.05,26817.93,39217.8088,1685663999999,1055132509.8658342,814389,18620.69161,500960557.9227829,0
2023-06-02,26817.93,27300.0,26505.0,27242.59,36380.90269,1685750399999,983857061.6408418,811087,18134.67738,490485191.7880676,0
2023-06-03,27242.59,27333.29,26914.93,27069.22,16595.34117,1685836799999,450588672.4704081,466520,7745.7868,210327639.5610825,0
2023-06-04,27069.22,27455.02,26951.0,27115.21,19258.41049,1685923199999,523747237.4389696,504474,9511.72432,258699846.4758803,0
2023-06-05,27115.2,27129.33,25388.0,25728.2,65805.60305,1686009599999,1722665798.0920303,1420829,30583.35138,799867474.2125897,0
2023-06-06,25728.2,27355.33,25351.02,27230.08,68392.60438,1686095999999,1797636024.0812125,1345725,35083.7879,922716234.2100114,0
2023-06-07,27230.07,27391.77,26125.01,26339.34,59619.44364,1686182399999,1589291467.5372329,1311928,28095.50924,749083400.1203892,0
2023-06-08,26339.34,26810.0,26210.0,26498.61,31075.51083,1686268799999,823023638.236875,848252,14614.60741,387105933.4399799,0
2023-06-09,26498.62,26783.33,26269.91,26477.81,27934.7097,1686355199999,741158215.0539023,746911,12757.07361,338454644.8956143,0
2023-06-10,26477.8,26533.87,25358.0,25841.21,64944.60108,1686441599999,1673795235.4008923,1713871,31558.13098,813190388.2485608,0
2023-06-11,25841.22,26206.88,25634.7,25925.55,30014.29595,1686527999999,776111471.8669971,833902,14266.10759,368954010.8074442,0
2023-06-12,25925.54,26106.48,25602.11,25905.19,29900.50893,1686614399999,773303698.8633221,858037,14219.97114,367770742.66004,0
2023-06-13,25905.2,26433.21,25712.57,25934.25,41065.60853,1686700799999,1068985236.5126554,1007138,20120.32689,523776704.241491,0
2023-06-14,25934.24,26098.0,24820.56,25128.6,45077.31608,1686787199999,1152808416.919793,957418,20726.13761,530122336.3788532,0
2023-06-15,25128.6,25759.01,24800.0,25598.49,48664.86063,1686873599999,1224436974.8502872,943268,24035.81623,604884325.2462568,0
2023-06-16,25598.49,26518.0,25175.56,26345.0,51596.91662,1686959999999,1335158158.639614,926194,24055.65943,622525707.6049981,0
2023-06-17,26345.01,26839.99,26181.0,26516.99,27842.2195,1687046399999,738491809.8811625,666967,13843.65158,367248705.0054073,0
2023-06-18,26516.99,26700.0,26255.85,26339.97,21538.31022,1687132799999,571013013.8553362,555956,10367.07533,274864183.4442869,0
2023-06-19,26339.98,27068.09,26256.61,26844.35,35872.65974,1687219199999,954193987.2948112,732735,17593.19977,468128198.054531,0
2023-06-20,26844.35,28402.74,26652.0,28307.99,69666.95525,1687305599999,1912797983.5310054,1189024,35052.57462,962782935.6899298,0
2023-06-21,28308.0,30800.0,28257.99,29993.89,108926.40412,1687391999999,3210301129.366291,1872873,55846.96952,1646165465.2449384,0
2023-06-22,29993.89,30500.0,29525.61,29884.92,59054.5646,1687478399999,1775822103.7632556,1146092,27902.93312,839284260.1798254,0
2023-06-23,29884.92,31431.94,29800.0,30688.5,73931.89635,1687564799999,2265077496.195469,1338533,36289.3174,1112439184.9506557,0
2023-06-24,30688.51,30800.0,30250.0,30527.43,30513.30135,1687651199999,933244397.7040021,776343,14497.56447,443500647.9220822,0
2023-06-25,30527.44,31046.01,30277.49,30462.66,30223.44801,1687737599999,926316644.4167665,789910,14627.97473,448414594.5587875,0
2023-06-26,30462.67,30666.0,29930.0,30267.99,45180.41489,1687823999999,1367837657.5451825,954783,22277.58284,674540668.5726604,0
2023-06-27,30267.99,30994.97,30226.17,30692.44,42699.64157,1687910399999,1306206257.0193572,824373,21151.29517,647203906.7656411,0
2023-06-28,30692.44,30709.74,29858.8,30077.41,40463.51937,1687996799999,1224103637.6132562,895470,19176.75428,580226725.8333887,0
2023-06-29,30077.4,30843.98,30049.98,30447.31,36330.62903,1688083199999,1107940389.9242406,758428,17834.38857,543872730.2617269,0
2023-06-30,30447.31,31282.0,29500.0,30472.0,89419.07618,1688169599999,2726355505.5063505,1559366,44319.81254,1351735332.858577,0
2023-07-01,30471.99,30661.6,30320.57,30585.9,17501.75075,1688255999999,533859338.1325383,567975,8102.13876,247175148.950766,0
2023-07-02,30585.9,30791.0,30155.0,30617.03,23286.41019,1688342399999,711031423.4334425,591533,10630.2474,324616031.9581684,0
2023-07-03,30617.02,31380.0,30570.27,31156.2,43761.64311,1688428799999,1352635339.5043936,781855,20885.94331,645698735.3773494,0
2023-07-04,31156.2,31350.69,30620.0,30766.51,33206.11943,1688515199999,1028794008.5245212,779472,14107.36566,437126154.0841225,0
2023-07-05,30766.52,30878.07,30200.0,30504.81,33215.67122,1688601599999,1013694790.3170501,827926,15619.11716,476478254.9434133,0
2023-07-06,30504.8,31500.0,29850.45,29895.43,71319.6261,1688687999999,2181763648.99527,1397042,33952.63237,1039137135.293551,0
2023-07-07,29895.42,30449.0,29701.02,30344.7,34070.53895,1688774399999,1027461795.2332091,912948,14875.86309,448638761.3838917,0
2023-07-08,30344.7,30386.81,30044.47,30284.63,13094.59042,1688860799999,395759717.5724278,480214,5990.91468,181083431.1999306,0
2023-07-09,30284.63,30445.52,30061.12,30160.71,15388.50196,1688947199999,465781514.2589476,473168,7017.35093,212433521.8897289,0
2023-07-10,30160.71,31045.78,29950.0,30411.57,41262.87652,1689033599999,1254289037.7420728,896853,19574.2347,595390893.1450084,0
2023-07-11,30411.57,30813.63,30300.0,30622.1,28476.83311,1689119999999,868966244.2412692,691213,13670.16079,417204801.1629621,0
2023-07-12,30622.1,30983.25,30210.0,30380.0,38108.99669,1689206399999,1166497472.433173,784195,18251.27965,558742524.9312288,0
2023-07-13,30380.0,31804.2,30251.0,31454.23,70772.51836,1689292799999,2194927210.224416,1301632,36084.84178,1119542855.1513171,0
2023-07-14,31454.23,31630.0,29900.0,30312.01,60749.48424,1689379199999,1869443273.7476244,1274387,28513.77996,877642037.8224415,0
2023-07-15,30312.0,30390.9,30200.0,30289.52,14118.55329,1689465599999,427921094.3021783,488354,6430.54981,194912673.9119217,0
2023-07-16,30289.52,30441.46,30064.29,30231.99,15760.1281,1689551999999,477189328.0072937,494225,7322.44372,221713710.223243,0
2023-07-17,30232.0,30336.96,29659.2,30138.0,30882.76839,1689638399999,929647644.243343,816466,14352.21893,432105955.4547703,0
2023-07-18,30138.01,30239.78,29512.0,29859.13,30003.8601,1689724799999,897157095.4774112,754775,13771.19621,411748868.0629127,0
2023-07-19,29859.14,30189.09,29761.96,29909.21,25657.36137,1689811199999,769254865.2851151,617415,12260.98321,367624217.9174355,0
2023-07-20,29909.21,30417.46,29570.96,29800.0,37540.68193,1689897599999,1125950643.7116494,749723,18061.33493,541742405.5204978,0
2023-07-21,29800.0,30061.7,29726.34,29901.72,23881.40865,1689983999999,713123417.7612139,555611,11566.3884,345404092.6459083,0
2023-07-22,29901.72,29999.0,29625.1,29794.0,14660.40467,1690070399999,437785700.3396102,423988,6725.50525,200848375.4485695,0
2023-07-23,29793.99,30350.0,29730.0,30083.75,18292.78637,1690156799999,548940321.0915866,519434,8889.35695,266761143.4116981,0
2023-07-24,30083.75,30099.58,28861.9,29176.5,39628.99691,1690243199999,1162562413.8190155,869107,18047.66786,529388757.4915814,0
2023-07-25,29176.5,29376.0,29047.65,29228.91,21565.7478,1690329599999,629531351.1145664,533797,10257.29455,299466722.1976085,0
2023-07-26,29228.91,29690.0,29096.94,29351.96,33931.63366,1690415999999,995569172.1396836,750401,15987.94266,469155943.83416,0
2023-07-27,29351.95,29567.49,29083.85,29222.78,22476.47626,1690502399999,659594157.3443576,583045,10384.95749,304728875.7312362,0
2023-07-28,29222.78,29542.22,29123.12,29314.14,23993.61627,1690588799999,702705076.837866,543177,11422.36141,334588917.0883291,0
2023-07-29,29314.14,29406.92,29256.18,29352.9,10851.36844,1690675199999,318276733.8766431,339750,5443.09222,159659088.1646764,0
2023-07-30,29352.9,29449.0,29033.24,29281.09,15706.97441,1690761599999,459830379.6509824,454846,7720.41654,226012721.3705351,0
2023-07-31,29281.09,29530.0,29101.8,29232.25,22605.48964,1690847999999,663025204.2072346,563115,11029.2258,323482162.2920864,0
2023-08-01,29232.26,29739.25,28585.7,29705.99,44719.65162,1690934399999,1299160215.077924,900141,21831.75056,634595648.9435309,0
2023-08-02,29705.99,30047.5,28927.5,29186.01,48181.65141,1691020799999,1419729744.649752,945158,22953.8144,676256840.2750593,0
2023-08-03,29186.0,29433.33,28968.0,29193.64,26476.91994,1691107199999,773302705.4947629,651970,12901.09228,376856740.4883937,0
2023-08-04,29193.65,29333.08,28807.54,29113.99,23551.95217,1691193599999,686643453.3930904,544850,10539.62903,307284659.321428,0
2023-08-05,29114.0,29152.23,28978.64,29072.13,11645.52018,1691279999999,338478560.1218247,331924,5491.4962,159611625.1658778,0
2023-08-06,29072.13,29205.09,28991.88,29088.42,13178.1972,1691366399999,383209498.8777505,338654,6471.24487,188192943.696217,0
2023-08-07,29088.43,29276.78,28701.03,29211.06,30966.87746,1691452799999,899492595.6812717,671438,15375.49318,446702609.5645752,0
2023-08-08,29211.06,30244.0,29146.45,29770.42,45700.53392,1691539199999,1352934531.6659672,877168,24189.62133,716161501.5730364,0
2023-08-09,29770.41,30160.0,29376.67,29581.99,38003.88725,1691625599999,1130396850.0974114,750252,18700.85778,556446376.251785,0
2023-08-10,29581.99,29738.0,29320.2,29455.75,23463.45373,1691711999999,692863472.0877249,513691,11204.06553,330886650.2003818,0
2023-08-11,29455.76,29564.52,29252.45,29426.03,20637.0443,1691798399999,607176051.3015367,437828,9803.94004,288451712.1002085,0
2023-08-12,29426.02,29481.35,29381.56,29430.17,8971.48068,1691884799999,263949405.5434029,310852,4181.99127,123039182.1587899,0
2023-08-13,29430.18,29474.65,29272.32,29303.84,11101.70947,1691971199999,326264625.2296824,341726,5257.07008,154501729.2473491,0
2023-08-14,29303.85,29695.32,29102.45,29430.93,31443.11532,1692057599999,924613476.681799,671592,15036.11048,442247506.1673844,0
2023-08-15,29430.92,29499.26,29059.6,29200.0,27503.87691,1692143999999,806683957.3100156,591162,12751.63951,374046205.2590536,0
2023-08-16,29200.01,29259.85,28723.08,28730.51,32996.69854,1692230399999,959870747.0063142,768028,14761.86053,429510396.4298237,0
2023-08-17,28730.51,28783.48,25166.0,26623.41,100271.54033,1692316799999,2755821274.340605,1976577,47495.99471,1302553963.3106227,0
2023-08-18,26623.41,26832.6,25619.0,26054.0,69790.65711,1692403199999,1834219523.699404,1293122,33522.24573,881095856.1944035,0
2023-08-19,26054.0,26281.0,25801.09,26100.01,26160.75343,1692489599999,680623880.8247554,615764,12952.29598,337010159.8115182,0
2023-08-20,26100.01,26299.0,25971.05,26189.99,19056.91209,1692575999999,497880752.2301158,451543,9909.1293,258890029.0825063,0
2023-08-21,26190.0,26258.42,25812.0,26126.92,30267.24233,1692662399999,788205156.3215925,565987,14052.07264,365942107.3406446,0
2023-08-22,26126.92,26139.42,25300.0,26056.0,34247.06688,1692748799999,886782344.1602929,603624,16436.92888,425661908.6149738,0
2023-08-23,26055.99,26819.27,25812.82,26432.72,44023.69978,1692835199999,1156326251.922411,673711,21955.66524,576734438.2954001,0
2023-08-24,26432.71,26577.87,25864.0,26180.05,30205.22116,1692921599999,792966965.8982658,575619,13987.93493,367233375.4168434,0
2023-08-25,26180.05,26314.05,25777.15,26060.01,27753.33772,1693007999999,722611079.1898074,611438,13258.65894,345214226.918254,0
2023-08-26,26060.0,26125.77,25985.92,26017.37,10022.22322,1693094399999,261041530.4758038,329412,4681.90628,121952627.5976749,0
2023-08-27,26017.38,26182.23,25966.11,26101.77,12099.64216,1693180799999,315548363.0193776,349090,6170.48664,160918200.3936097,0
2023-08-28,26101.78,26253.99,25864.5,26120.0,22692.62655,1693267199999,591008939.17657,523057,10912.40549,284226173.7934395,0
2023-08-29,26120.0,28142.85,25922.0,27716.34,74251.99488,1693353599999,2023326050.758479,1137083,37945.55071,1034244032.3814663,0
2023-08-30,27716.34,27768.57,27017.24,27299.99,35448.25848,1693439999999,969086451.1625257,690292,16715.57712,456926409.729732,0
2023-08-31,27299.99,27587.51,25655.01,25940.78,51032.80401,1693526399999,1360373186.0116708,944690,24598.11397,655707233.8849008,0
2023-09-01,25940.77,26156.0,25333.75,25805.05,41032.15056,1693612799999,1059444591.7097493,881179,19960.9903,515429946.1831724,0
2023-09-02,25805.04,25987.5,25752.47,25869.51,16250.77698,1693699199999,419812969.9468598,567728,7634.91416,197234437.0220484,0
2023-09-03,25869.52,26135.0,25800.0,25971.21,17474.47667,1693785599999,453100690.1021077,496412,8583.16498,222581536.0268467,0
2023-09-04,25971.21,26108.02,25631.21,25826.02,21777.59609,1693871999999,563532890.5699993,596830,10177.3686,263365883.4295556,0
2023-09-05,25826.03,25915.49,25562.62,25792.1,21323.39337,1693958399999,548893707.6002005,566736,9926.65838,255537038.4660957,0
2023-09-06,25792.11,26040.0,25372.51,25759.95,27262.52386,1694044799999,700763180.8011677,636302,12736.70564,327416444.7840959,0
2023-09-07,25759.95,26443.14,25615.38,26255.0,27687.49567,1694131199999,718923008.9071183,631929,13506.19156,350741324.2920373,0
2023-09-08,26255.0,26445.5,25647.26,25910.5,28999.76471,1694217599999,754184537.1096923,646852,14238.89945,370236844.4314076,0
2023-09-09,25910.5,25945.09,25796.64,25901.61,10980.62277,1694303999999,284109473.8075783,359038,5212.44349,134863388.7628859,0
2023-09-10,25901.6,26033.66,25570.57,25841.61,18738.26914,1694390399999,483577459.2055345,489773,8747.51072,225752901.0403501,0
2023-09-11,25841.6,25900.69,24901.0,25162.52,41682.32,1694476799999,1057371884.6697066,864138,19664.90243,498821645.3852222,0
2023-09-12,25162.53,26567.0,25131.48,25840.1,56434.38537,1694563199999,1464393036.9616623,1047056,27720.5183,719147319.9787064,0
2023-09-13,25840.1,26405.22,25764.17,26222.0,31610.82753,1694649599999,825437881.4687591,714880,15287.00038,399099781.6207648,0
2023-09-14,26222.0,26860.49,26126.77,26522.73,38333.1725,1694735999999,1015267319.7730227,799278,19440.45467,514863794.3783894,0
2023-09-15,26522.73,26888.0,26224.0,26600.0,26227.29369,1694822399999,695203258.0004445,654094,12600.39115,334045930.7667212,0
2023-09-16,26599.99,26777.0,26445.0,26559.67,13960.93351,1694908799999,370889866.4592735,526416,6508.91352,172926781.3888423,0
2023-09-17,26559.67,26623.25,26399.0,26527.51,12998.10277,1694995199999,344703727.5601071,476775,6359.89459,168675580.016463,0
2023-09-18,26527.5,27409.0,26377.35,26762.51,43000.43256,1695081599999,1158780347.625305,938705,21551.71605,580912488.7594309,0
2023-09-19,26762.5,27483.57,26667.79,27210.26,36190.52187,1695167999999,981539255.55962,898076,17851.15558,484061308.124933,0
2023-09-20,27210.25,27388.63,26800.0,27125.0,34207.21867,1695254399999,927206075.9626273,867288,16983.43086,460402346.1707834,0
2023-09-21,27125.01,27159.6,26377.7,26568.08,34476.82662,1695340799999,920768143.3513128,823416,16878.78202,450738363.8506985,0
2023-09-22,26568.08,26743.38,26468.77,26580.14,18198.2292,1695427199999,484331618.9485319,567149,8484.09679,225805692.7235693,0
2023-09-23,26580.14,26632.81,26509.0,26575.96,9440.7026,1695513599999,250873957.3886738,421717,4387.1973,116581214.130133,0
2023-09-24,26575.97,26738.54,26122.08,26248.38,15706.65771,1695599999999,416368301.3736848,545045,7547.06342,200078452.0167577,0
2023-09-25,26248.39,26446.15,25990.46,26304.81,26266.2039,1695686399999,688252596.3809944,873488,12654.58207,331622453.1518055,0
2023-09-26,26304.8,26397.46,26088.34,26221.67,18495.35066,1695772799999,485217905.0421048,697727,8813.76144,231246870.5474588,0
2023-09-27,26221.68,26850.0,26112.06,26372.99,34771.57978,1695859199999,918797815.048481,939690,16813.75506,444221386.426141,0
2023-09-28,26373.0,27308.48,26342.4,27021.39,44517.83491,1695945599999,1193420040.1309185,1158974,22463.19242,602340703.6015062,0
2023-09-29,27021.39,27244.89,26665.16,26906.96,28478.76219,1696031999999,767827314.9319088,878610,14409.35554,388591243.2591525,0
2023-09-30,26906.96,27094.99,26886.31,26962.56,12804.62307,1696118399999,345406056.6806953,534908,6221.24272,167818583.0599575,0
2023-10-01,26962.57,28065.51,26954.09,27992.57,24602.81468,1696204799999,674657121.9944204,883593,12815.98694,351622961.4701274,0
2023-10-02,27992.58,28580.0,27281.44,27494.51,57071.14241,1696291199999,1600944483.4902065,1464158,28423.61,797598852.4797782,0
2023-10-03,27494.51,27676.52,27160.5,27426.46,28928.96555,1696377599999,794301815.426502,1202377,13562.03527,372402100.7967511,0
2023-10-04,27426.45,27839.72,27202.0,27778.57,29816.142,1696463999999,820421385.2557853,1188381,15077.70185,414806576.3484014,0
2023-10-05,27778.57,28120.39,27352.0,27410.39,30681.49619,1696550399999,849415594.0472504,1210397,14985.99405,415039706.5866476,0
2023-10-06,27410.39,28295.0,27175.94,27931.09,37983.24277,1696636799999,1052864393.8176135,1326700,19091.24006,529241188.557369,0
2023-10-07,27931.1,28029.67,27842.08,27956.67,13348.83825,1696723199999,372820279.523143,641623,6392.35089,178534947.7787839,0
2023-10-08,27956.67,28095.14,27687.5,27917.05,19693.56921,1696809599999,549839951.4800811,822730,9216.08271,257333249.5330772,0
2023-10-09,27917.06,27987.93,27260.0,27590.12,31534.74639,1696895999999,870014634.3621609,1156525,15077.43003,415887241.10445,0
2023-10-10,27590.12,27735.0,27298.0,27390.12,22776.84383,1696982399999,626258724.2775784,1002272,10851.22317,298354384.6981499,0
2023-10-11,27390.12,27477.39,26538.66,26875.52,37349.44706,1697068799999,1007065585.9346406,1336479,17460.0774,470620209.7857446,0
2023-10-12,26875.52,26947.04,26555.0,26759.63,23428.64112,1697155199999,626909068.3868717,1066082,11128.85943,297794983.5412317,0
2023-10-13,26759.63,27130.0,26685.0,26862.0,24115.76499,1697241599999,647553796.3580662,1035322,11209.65389,301049285.742293,0
2023-10-14,26862.0,26989.58,26789.0,26852.48,10417.25576,1697327999999,280059019.0534013,517837,4378.85219,117730324.8186729,0
2023-10-15,26852.48,27293.33,26808.25,27154.15,15274.6917,1697414399999,412673965.3439348,682942,7802.69243,210833694.1344327,0
2023-10-16,27154.14,30000.0,27112.66,28500.78,78399.22445,1697500799999,2210785548.2360964,2289339,40738.04173,1148700588.6793344,0
2023-10-17,28500.77,28613.65,28069.32,28395.91,38428.44532,1697587199999,1090741746.4830873,1345810,18994.06799,539218488.3415859,0
2023-10-18,28395.91,28982.36,28142.87,28320.0,32162.47591,1697673599999,914773525.1527581,1215235,15590.14442,443515753.8170772,0
2023-10-19,28320.0,28916.89,28100.66,28713.71,35895.50179,1697759999999,1023984017.0322788,1330256,18427.23743,525695852.5632501,0
2023-10-20,28713.71,30207.55,28578.29,29669.04,59422.0992,1697846399999,1753411192.551091,1915748,29466.75927,869634841.3281221,0
2023-10-21,29669.05,30379.99,29464.77,29909.8,27517.51897,1697932799999,821964508.4353629,1152137,13836.12444,413323530.3421796,0
2023-10-22,29909.8,30248.0,29640.0,29992.46,22852.54563,1698019199999,683854827.8969322,1008299,11161.46844,334011129.2314961,0
2023-10-23,29992.46,34741.91,29883.6,33069.99,93513.64246,1698105599999,2941620022.8651876,2839938,47839.23087,1505815243.5676994,0
2023-10-24,33069.99,35280.0,32832.34,33922.73,115265.02418,1698191999999,3933194868.161196,2850160,57409.31981,1959449469.4657931,0
2023-10-25,33922.73,35132.85,33679.05,34496.05,54887.02529,1698278399999,1888210825.6063828,1643976,26150.50377,900236395.3726264,0
2023-10-26,34496.05,34824.13,33751.0,34151.66,39744.66255,1698364799999,1363077907.10912,1382785,18528.43061,635547858.4928182,0
2023-10-27,34151.66,34245.0,33390.95,33892.02,32330.40106,1698451199999,1096889423.419842,1112240,14310.32429,485405697.9244014,0
2023-10-28,33892.01,34493.33,33860.0,34081.0,16880.13144,1698537599999,575936523.347353,607438,8313.30759,283656619.5863619,0
2023-10-29,34081.01,34750.11,33930.0,34525.89,20685.52176,1698623999999,711652985.1790963,717480,10053.96096,345933681.7968467,0
2023-10-30,34525.88,34856.0,34062.84,34474.73,33657.95976,1698710399999,1159771907.6421053,1117727,15237.56781,525162190.5371194,0
2023-10-31,34474.74,34720.49,34025.0,34639.77,32737.89822,1698796799999,1125442444.4884882,1179053,15843.795,544722903.4968481,0
2023-11-01,34639.78,35582.0,34097.39,35421.43,53473.28165,1698883199999,1856348820.4794536,1624635,25779.0029,895387891.4676665,0
2023-11-02,35421.43,35984.99,34300.0,34941.59,48015.57732,1698969599999,1686141698.092171,1450837,23303.3535,818365718.9549311,0
2023-11-03,34941.58,34946.5,34120.0,34716.78,39071.20644,1699055999999,1347962831.5658624,1237373,19168.85669,661176167.7749346,0
2023-11-04,34716.78,35255.0,34585.18,35062.07,18377.55545,1699142399999,639958598.4198353,794787,9229.16649,321479754.9172934,0
2023-11-05,35062.06,35380.0,34448.0,35011.88,24528.73376,1699228799999,859350974.0014893,1038468,11870.33193,415912075.9000027,0
2023-11-06,35011.89,35276.33,34725.9,35046.09,22346.47086,1699315199999,782427702.2653205,988246,10770.27727,377126281.1530906,0
2023-11-07,35046.09,35888.0,34523.06,35399.12,38688.73692,1699401599999,1358031361.1978526,1352796,19375.26868,680382009.6599416,0
2023-11-08,35399.13,36106.0,35100.0,35624.72,33401.34137,1699487999999,1185492160.4927278,1132568,17192.8245,610314635.3798897,0
2023-11-09,35624.72,37972.24,35534.05,36701.09,82537.88885,1699574399999,3033417922.7826815,2138765,42156.81236,1550254981.0451877,0
2023-11-10,36701.1,37526.0,36324.71,37301.63,43414.04898,1699660799999,1605069174.5241032,1297729,21388.56879,790671818.768367,0
2023-11-11,37301.63,37408.26,36666.93,37130.0,22984.97235,1699747199999,851924612.7339427,923300,10728.65792,397673179.6679197,0
2023-11-12,37129.99,37222.22,36731.1,37064.13,17687.18874,1699833599999,655570813.1382711,810885,8506.46051,315285367.544748,0
2023-11-13,37064.13,37417.99,36333.0,36462.93,32798.18252,1699919999999,1208037462.3041444,1217191,15442.44512,568916594.9113173,0
2023-11-14,36462.93,36744.0,34800.0,35551.19,45503.68416,1700006399999,1639130785.08681,1404428,21205.18615,763841642.880878,0
2023-11-15,35551.2,37980.0,35360.0,37858.2,53569.13385,1700092799999,1963249656.5094738,1545427,28142.1424,1031669501.9934208,0
2023-11-16,37858.2,37929.54,35500.0,36163.51,47490.39566,1700179199999,1744503339.0151725,1542446,22214.04928,815932555.1331269,0
2023-11-17,36163.51,36800.0,35861.1,36613.92,38283.61112,1700265599999,1391225051.1923273,1349322,18403.36411,668865883.1417465,0
2023-11-18,36613.91,36845.49,36178.58,36568.1,17102.24186,1700351999999,624434069.5256634,784498,8101.54756,295795105.4300323,0
2023-11-19,36568.11,37500.0,36384.02,37359.86,21246.34648,1700438399999,781531839.4371592,862400,10575.25293,389089868.806342,0
2023-11-20,37359.85,37750.0,36677.0,37448.78,36022.70291,1700524799999,1343722642.386475,1485050,17591.22652,656245983.7397183,0
2023-11-21,37448.79,37649.44,35735.0,35741.65,47646.54804,1700611199999,1756747495.9818547,1936895,22371.42068,824920009.55786,0
2023-11-22,35741.65,37861.1,35632.01,37408.34,45051.30697,1700697599999,1657141022.427348,1648374,23046.71174,847145468.3259536,0
2023-11-23,37408.35,37653.44,36870.0,37294.28,23827.92882,1700783999999,888826648.8541473,992284,11086.35132,413539343.9448205,0
2023-11-24,37294.27,38414.0,37251.51,37713.57,44680.80646,1700870399999,1688715728.079148,1379414,22349.17236,844803081.6321824,0
2023-11-25,37713.57,37888.0,37591.1,37780.67,11396.14464,1700956799999,430165251.7609749,569448,5153.91116,194536221.2850941,0
2023-11-26,37780.67,37814.63,37150.0,37447.43,21264.53723,1701043199999,797321193.5893991,848020,10204.51641,382571274.0460782,0
2023-11-27,37447.42,37569.23,36707.0,37242.7,30001.07376,1701129599999,1112557435.2767923,1238017,14458.63822,536129095.5668442,0
2023-11-28,37242.7,38377.0,36868.41,37818.87,37544.46667,1701215999999,1414360251.6823456,1272779,18168.56198,684514270.9388717,0
2023-11-29,37818.88,38450.0,37570.0,37854.64,32994.19107,1701302399999,1252586505.66259,1131353,15588.96473,591917955.4743968,0
2023-11-30,37854.65,38145.85,37500.0,37723.96,24740.29147,1701388799999,934491058.9608141,1007791,11484.45424,433772722.5045634,0
2023-12-01,37723.97,38999.0,37615.86,38682.52,43415.66324,1701475199999,1669750777.6239815,1523417,22408.27301,861977420.1631953,0
2023-12-02,38682.51,39717.14,38641.61,39450.35,26696.92161,1701561599999,1043421976.7660652,1034690,13166.65386,514763687.5746009,0
2023-12-03,39450.35,40250.0,39274.86,39972.26,26710.65335,1701647999999,1059860641.0494444,1151524,13333.29632,529259227.1675092,0
2023-12-04,39972.26,42420.0,39972.26,41991.1,79272.33059,1701734399999,3285736844.1408806,2112219,38595.61905,1599710862.0871768,0
2023-12-05,41991.1,44488.0,41414.0,44073.32,67490.74644,1701820799999,2890205389.4901266,2072700,34815.80813,1491813847.2389681,0
2023-12-06,44073.82,44297.21,43335.28,43762.69,51431.10492,1701907199999,2256979505.594805,1876282,25092.62492,1101273363.0864296,0
2023-12-07,43762.69,44047.33,42821.1,43273.14,47103.26845,1701993599999,2046945851.8836446,1414759,22635.67672,983629776.4938614,0
2023-12-08,43273.15,44700.0,43081.1,44170.99,42900.37556,1702079999999,1875581755.4469104,1311268,20818.67861,910357262.894073,0
2023-12-09,44171.0,44358.02,43584.51,43713.6,24925.97008,1702166399999,1096487106.5648339,987352,11598.00774,510255993.8680859,0
2023-12-10,43713.59,44049.0,43563.0,43789.51,18956.61758,1702252799999,830485162.5569535,830667,8841.90643,387376075.3824843,0
2023-12-11,43789.5,43804.5,40222.0,41253.4,76663.89804,1702339199999,3205540835.511434,2087142,36499.24269,1525642878.1521034,0
2023-12-12,41253.41,42104.12,40680.0,41492.39,42722.69773,1702425599999,1773961284.3375635,1526411,21394.91158,888438328.8915346,0
2023-12-13,41492.38,43475.2,40555.0,42869.03,45865.99773,1702511999999,1919703389.4848804,1724659,22354.97386,935785466.0225857,0
2023-12-14,42869.03,43420.0,41400.0,43022.26,42047.05709,1702598399999,1798740625.30166,1599536,20579.79343,880356342.3815118,0
2023-12-15,43022.26,43080.81,41666.0,41940.3,33421.7932,1702684799999,1416898938.509979,1323628,16321.13654,691713304.7485888,0
2023-12-16,41940.29,42724.43,41605.0,42278.03,24118.85747,1702771199999,1020469627.8857331,1180886,12193.50511,515909440.9100929,0
2023-12-17,42278.02,42424.07,41252.0,41374.65,27722.11452,1702857599999,1161963642.9627964,1227634,13245.86404,555309260.127941,0
2023-12-18,41374.64,42757.81,40542.93,42657.8,46734.0925,1702943999999,1936003306.0825727,1741647,23255.79871,963775419.5731498,0
2023-12-19,42657.8,43497.0,41811.1,42275.99,40927.86444,1703030399999,1747830242.4615936,1609188,20163.65946,861082883.3110158,0
2023-12-20,42275.99,44283.0,42206.0,43668.93,48710.2947,1703116799999,2115813869.779619,1934588,23912.13682,1038694005.7761399,0
2023-12-21,43668.92,44242.35,43286.72,43861.8,34624.29384,1703203199999,1514529919.1877797,1500702,17058.89545,746266380.7692404,0
2023-12-22,43861.79,44398.26,43412.54,43969.04,32783.19638,1703289599999,1436074497.5128598,1404109,16049.22275,703199211.0393196,0
2023-12-23,43969.04,43988.68,43291.1,43702.16,16557.1293,1703375999999,722943825.3332176,849658,7765.30564,339046509.1677196,0
2023-12-24,43702.15,43946.0,42500.0,42991.5,25144.33496,1703462399999,1093460634.8894227,1137678,11841.26614,514962029.1783347,0
2023-12-25,42991.5,43802.32,42720.43,43576.13,27021.23992,1703548799999,1172053386.5109816,1168428,13691.2393,593900885.8031462,0
2023-12-26,43576.12,43592.68,41637.6,42508.93,41010.04282,1703635199999,1746333612.304945,1475816,21096.16634,898267435.237983,0
2023-12-27,42508.93,43677.0,42098.69,43428.85,36191.21136,1703721599999,1554082990.052276,1439770,18982.83267,815239612.617364,0
2023-12-28,43428.86,43787.57,42241.79,42563.76,35150.52485,1703807999999,1508408742.378081,1391826,17422.8191,747631903.055399,0
2023-12-29,42563.76,43111.0,41300.0,42066.95,42597.18912,1703894399999,1803086285.2465775,1571137,21195.34128,897324724.7968955,0
2023-12-30,42066.94,42612.32,41520.3,42140.28,22906.57818,1703980799999,964875790.984935,936545,11727.69648,494133887.9071811,0
2023-12-31,42140.29,42899.0,41965.84,42283.58,23585.91603,1704067199999,1001519241.5559053,1016484,11997.14865,509478742.7445108,0
2024-01-01,42283.58,44184.1,42180.77,44179.55,27174.29903,1704153599999,1169995682.0280013,1114623,14331.7318,617352094.5605195,0
2024-01-02,44179.55,45879.63,44148.34,44946.91,65146.40661,1704239999999,2944331821.8230762,2247532,33817.14447,1527964124.2375848,0
2024-01-03,44946.91,45500.0,40750.0,42845.23,81194.55173,1704326399999,3507104563.744232,2658041,39103.99162,1687665202.9513144,0
2024-01-04,42845.23,44729.58,42613.77,44151.1,48038.06334,1704412799999,2095095359.4936347,1819944,23605.90059,1030075267.839013,0
2024-01-05,44151.1,44357.46,42450.0,44145.11,48075.25327,1704499199999,2100953924.3687155,2064845,24015.06426,1049655019.1400094,0
2024-01-06,44145.12,44214.42,43397.05,43968.32,17835.06144,1704585599999,781212883.4916061,956642,9048.57073,396341787.3638776,0
2024-01-07,43968.32,44480.59,43572.09,43929.02,23023.8508,1704671999999,1014635096.1241482,1109259,11613.52347,511871007.5258263,0
2024-01-08,43929.01,47248.99,43175.0,46951.04,72814.57589,1704758399999,3298772150.6815076,2364464,38728.8053,1755312207.6681833,0
2024-01-09,46951.04,47972.0,44748.67,46110.0,69927.66617,1704844799999,3251442072.8083963,2637745,34825.45429,1620151226.3362696,0
2024-01-10,46110.0,47695.93,44300.36,46653.99,89911.41203,1704931199999,4123809481.712767,3133588,46910.79439,2153126701.3521643,0
2024-01-11,46654.0,48969.48,45606.06,46339.16,87470.3296,1705017599999,4105139605.028302,2998451,44076.1683,2070467939.6599925,0
2024-01-12,46339.16,46515.53,41500.0,42782.73,86327.93707,1705103999999,3827483735.576057,2809192,41707.58066,1850840878.9778297,0
2024-01-13,42782.74,43257.0,42436.12,42847.99,36118.47464,1705190399999,1547370611.5531662,1434243,17748.09824,760432218.2454551,0
2024-01-14,42847.99,43079.0,41720.0,41732.35,28228.40894,1705276799999,1202212782.257693,1235727,13690.30843,583261659.738576,0
2024-01-15,41732.35,43400.43,41718.05,42511.1,40269.89303,1705363199999,1718982911.1081028,1657611,19924.7603,849997411.087583,0
2024-01-16,42511.1,43578.01,42050.0,43137.95,45045.74589,1705449599999,1931947150.05907,1716580,24064.55667,1031525441.9352086,0
2024-01-17,43137.94,43198.0,42200.69,42776.1,33266.21388,1705535999999,1419888430.9228892,1438172,16648.20529,710532768.0475779,0
2024-01-18,42776.09,42930.0,40683.28,41327.5,43907.51641,1705622399999,1839426541.263579,1466087,21085.14336,883292634.2063637,0
2024-01-19,41327.51,42196.86,40280.0,41659.03,48342.74559,1705708799999,1993846466.5387518,1641428,24347.5002,1004478721.3792055,0
2024-01-20,41659.03,41872.56,41456.3,41696.04,15923.99493,1705795199999,662768008.1509343,807324,7557.36632,314535141.9955636,0
2024-01-21,41696.05,41881.39,41500.98,41580.33,11730.16301,1705881599999,489151571.0309043,657817,5576.56045,232552207.1607329,0
2024-01-22,41580.32,41689.65,39431.58,39568.02,55426.19911,1705967999999,2247452153.7954326,2147250,26788.13985,1086650848.0670526,0
2024-01-23,39568.02,40176.74,38555.0,39897.6,57956.63351,1706054399999,2275851990.6468267,2043925,30913.97177,1214417243.6964118,0
2024-01-24,39897.59,40555.0,39484.19,40084.88,39293.82861,1706140799999,1569704923.8307493,1675615,20673.05725,825887009.4744226,0
2024-01-25,40084.89,40300.24,39550.0,39961.09,31022.11853,1706227199999,1238813296.1526136,1291233,15685.24919,626369240.3733964,0
2024-01-26,39961.09,42246.82,39822.52,41823.51,47384.96726,1706313599999,1951700659.289807,1624861,24674.75551,1016105199.7171212,0
2024-01-27,41823.51,42200.0,41394.34,42120.63,16224.41667,1706399999999,678418702.3509445,751148,7485.64978,312938659.2480243,0
2024-01-28,42120.63,42842.68,41620.81,42031.06,27294.99838,1706486399999,1154365891.6682587,1032493,12971.1882,548670338.639401,0
2024-01-29,42031.05,43333.0,41804.88,43302.7,31542.74207,1706572799999,1343462280.3618684,1197856,15996.88627,681504721.3585126,0
2024-01-30,43302.71,43882.36,42683.99,42941.1,37619.24546,1706659199999,1633251085.6713595,1316610,19317.29993,838876408.4556684,0
2024-01-31,42941.1,43745.11,42276.84,42580.0,39871.13688,1706745599999,1711665577.0530825,1499559,20289.94825,871009715.1702207,0
2024-02-01,42580.0,43285.13,41884.28,43082.94,35231.04664,1706831999999,1497121440.6440022,1392269,18134.84304,770635549.4842128,0
2024-02-02,43082.95,43488.0,42546.79,43200.0,29672.14418,1706918399999,1277919437.2905612,1086342,15645.5711,673834785.747791,0
2024-02-03,43199.99,43380.01,42880.0,43011.09,12033.40998,1707004799999,518775350.0336009,609962,5691.78572,245377398.5105957,0
2024-02-04,43011.1,43119.04,42222.0,42582.88,17066.89404,1707091199999,730999557.7083682,931235,8427.12671,360928641.0597722,0
2024-02-05,42582.88,43569.76,42258.1,42708.7,29467.75905,1707177599999,1262620640.5407174,1317397,14984.06962,642077579.5827268,0
2024-02-06,42708.7,43399.98,42574.0,43098.95,24675.85433,1707263999999,1061049582.6002767,1120760,12810.98205,550866463.7409194,0
2024-02-07,43098.96,44396.5,42788.0,44349.6,34392.59915,1707350399999,1496013692.382922,1378809,17755.87738,772721372.4443885,0
2024-02-08,44349.6,45614.3,44331.1,45288.65,45439.62231,1707436799999,2042912128.1517665,1863650,22731.52397,1021963499.800335,0
2024-02-09,45288.66,48200.0,45242.12,47132.77,73503.481,1707523199999,3453043306.4209757,2323884,37360.96419,1754880225.38021,0
2024-02-10,47132.78,48170.0,46800.0,47751.09,24802.35936,1707609599999,1176079377.6922762,1323421,12740.69912,604397015.51796,0
2024-02-11,47751.08,48592.66,47557.16,48299.99,29958.80837,1707695999999,1443314885.7714052,1407270,15741.38294,758411879.955689,0
2024-02-12,48300.0,50334.82,47710.01,49917.27,59009.96705,1707782399999,2898220863.0181804,1939394,30797.43359,1512688561.6888654,0
2024-02-13,49917.28,50368.61,48300.95,49699.59,55551.56706,1707868799999,2745025370.067447,1741811,28409.79337,1403783512.6809905,0
2024-02-14,49699.6,52043.71,49225.01,51795.17,57046.37401,1707955199999,2919604456.723313,1859392,29664.5183,1518339681.334602,0
2024-02-15,51795.17,52816.62,51314.0,51880.0,53816.03055,1708041599999,2802825737.9920154,1786569,26722.58656,1391971339.715806,0
2024-02-16,51880.01,52572.08,51566.0,52124.11,37772.25318,1708127999999,1965003863.9713342,1583711,18309.89888,952708587.7324988,0
2024-02-17,52124.1,52162.82,50625.0,51642.64,25674.00622,1708214399999,1319908544.979089,1427773,12655.51593,650426057.1976154,0
2024-02-18,51642.64,52377.0,51163.28,52137.67,21992.10363,1708300799999,1139209588.4334626,1375422,11281.34692,584447328.1142722,0
2024-02-19,52137.68,52488.77,51677.0,51774.73,29534.99432,1708387199999,1539600521.6007729,1542990,15266.36204,795825023.6442236,0
2024-02-20,51774.74,52985.0,50760.37,52258.82,49614.47318,1708473599999,2574874999.3787174,1971912,24994.25062,1297330385.0050933,0
2024-02-21,52258.82,52366.8,50625.0,51849.39,43079.40049,1708559999999,2210278288.725095,1824860,22239.73293,1140905416.956252,0
2024-02-22,51849.38,52065.78,50940.78,51288.42,35309.44574,1708646399999,1820949707.158534,1688184,17830.4673,919599483.9078617,0
2024-02-23,51288.42,51548.54,50521.0,50744.15,30545.79544,1708732799999,1559143576.8296163,1487039,14610.80906,745820955.2560463,0
2024-02-24,50744.15,51698.0,50585.0,51568.22,16560.4211,1708819199999,847793393.571868,855015,8462.15627,433239599.4239887,0
2024-02-25,51568.21,51958.55,51279.8,51728.85,18721.63159,1708905599999,966951114.4504629,923992,9544.17672,492952522.6816389,0
2024-02-26,51728.85,54910.0,50901.44,54476.47,51256.72199,1708991999999,2710403072.980595,1808909,27198.83551,1438371804.1101012,0
2024-02-27,54476.48,57588.15,54450.13,57037.34,67194.98562,1709078399999,3795949115.2249317,2414285,34970.25885,1975472154.5115738,0
2024-02-28,57037.35,64000.0,56691.85,62432.1,118763.46984,1709164799999,7162581994.48574,3895062,62066.63936,3742433894.9450765,0
2024-02-29,62432.11,63676.35,60364.7,61130.98,78425.07603,1709251199999,4872212871.27608,3169405,39463.06931,2452515504.8686514,0
2024-03-01,61130.99,63114.23,60777.0,62387.9,47737.93473,1709337599999,2956537377.9660296,1947444,24195.70252,1498771144.099956,0
2024-03-02,62387.9,62433.19,61561.12,61987.28,25534.73659,1709423999999,1582566973.834093,1641808,12691.37721,786583052.0862726,0
2024-03-03,61987.28,63231.88,61320.0,63113.97,28994.90903,1709510399999,1804536272.9443457,1992011,14905.186,927868983.7308431,0
2024-03-04,63113.97,68499.0,62300.0,68245.71,84835.16005,1709596799999,5568877537.081252,3887853,45319.0864,2974396037.6857204,0
2024-03-05,68245.71,69000.0,59005.0,63724.01,132696.7813,1709683199999,8674526591.287142,5310706,65991.84526,4318205559.64365,0
2024-03-06,63724.01,67641.1,62779.14,66074.04,78738.85491,1709769599999,5197743036.597276,3302981,40344.32596,2663883160.206962,0
2024-03-07,66074.04,67980.0,65551.0,66823.17,53059.8869,1709855999999,3548088039.2736087,2428227,27935.66302,1867854683.98203,0
2024-03-08,66823.18,69990.0,66082.66,68124.19,74261.932842,1709942399999,5044395324.399055,2943927,37711.514581,2563347797.5286803,0
2024-03-09,68124.2,68541.1,67861.1,68313.27,19872.89743,1710028799999,1355964036.9092987,1345341,10005.592,682720256.0028228,0
2024-03-10,68313.28,69887.61,68094.75,68955.88,38404.66835,1710115199999,2659307501.0945783,2139518,19188.79904,1328747995.9940255,0
2024-03-11,68955.88,72800.0,67024.96,72078.1,75292.825726,1710201599999,5352704377.618805,3043414,39435.855459,2803359303.286973,0
2024-03-12,72078.1,73000.0,68620.82,71452.01,68783.546691,1710287999999,4909667978.559339,3047890,34517.212933,2465202174.407226,0
2024-03-13,71452.0,73650.25,71333.31,73072.41,52659.711647,1710374399999,3829764501.253793,2501197,26787.082237,1948382241.8894603,0
2024-03-14,73072.4,73777.0,68555.0,71388.94,71757.628746,1710460799999,5132189849.096632,2994869,35676.748326,2552190396.8890066,0
2024-03-15,71388.94,72419.71,65600.0,69499.85,103334.03546,1710547199999,7065279917.872112,3904445,49844.66515,3409385750.021177,0
2024-03-16,69499.84,70043.0,64780.0,65300.63,55926.95336,1710633599999,3788544202.8848557,2729019,27240.19894,1846731512.2736232,0
2024-03-17,65300.64,68904.4,64533.0,68393.48,49742.21589,1710719999999,3322963634.2425127,2449156,25328.29435,1692079618.2113106,0
2024-03-18,68393.47,68956.0,66565.2,67609.99,55691.08088,1710806399999,3768277912.418918,2464515,28529.67219,1930726566.249246,0
2024-03-19,67610.0,68124.11,61555.0,61937.4,101005.32487,1710892799999,6484805948.535393,3593832,48205.28434,3095258881.7022734,0
2024-03-20,61937.41,68100.0,60775.0,67840.51,90420.58592,1710979199999,5769770052.062583,3549793,45523.84281,2907222064.1312914,0
2024-03-21,67840.51,68240.47,64529.01,65501.27,53357.48002,1711065599999,3551223142.964417,2388390,26650.09786,1774833851.2215245,0
2024-03-22,65501.28,66649.62,62260.0,63796.64,51482.37821,1711151999999,3310481978.1076455,2492881,24578.87957,1580940164.1212375,0
2024-03-23,63796.64,65999.0,63000.0,63990.01,26410.11409,1711238399999,1706152172.6316135,1753566,12749.00823,823892846.714977,0
2024-03-24,63990.02,67628.69,63772.29,67209.99,31395.78015,1711324799999,2059312948.6486874,1880774,16689.65617,1095820626.0291996,0
2024-03-25,67210.0,71150.0,66385.06,69880.01,53431.14486,1711411199999,3679964073.8112125,2632220,27815.58769,1915614174.2397635,0
2024-03-26,69880.0,71561.1,69280.0,69988.0,38934.38417,1711497599999,2738537345.33588,2176807,19498.85666,1371708206.538872,0
2024-03-27,69987.99,71769.54,68359.18,69469.99,49119.35685,1711583999999,3426458581.943343,2453366,24902.3347,1737325915.8344178,0
2024-03-28,69469.99,71552.06,68903.62,70780.6,35439.03239,1711670399999,2500571208.0026274,1799897,18007.26883,1270852446.707745,0
2024-03-29,70780.6,70916.16,69009.0,69850.54,25445.08353,1711756799999,1779608477.3224537,1522607,11839.0929,828039936.6854533,0
2024-03-30,69850.53,70321.1,69540.0,69582.18,13644.61142,1711843199999,954555919.6855745,1110488,6423.89367,449436189.733619,0
2024-03-31,69582.17,71366.0,69562.99,71280.01,19396.34433,1711929599999,1367523707.261245,1181926,10142.47988,715151368.946302,0
2024-04-01,71280.0,71288.23,68062.86,69649.8,41445.32039,1712015999999,2876486469.465523,1893438,20211.15024,1402849944.782289,0
2024-04-02,69649.81,69674.23,64550.0,65463.99,71799.82793,1712102399999,4750030717.922425,2662410,35520.17401,2348263612.3034706,0
2024-04-03,65463.99,66903.63,64493.07,65963.28,39887.21778,1712188799999,2630556596.1359286,2172096,20618.58747,1360363531.1659517,0
2024-04-04,65963.27,69309.91,65064.52,68487.79,41510.48453,1712275199999,2795469450.572386,2000945,21013.32173,1415699952.0381584,0
2024-04-05,68487.8,68756.67,65952.56,67820.62,37915.23073,1712361599999,2555458935.236009,1901980,18889.98453,1273220222.7625887,0
2024-04-06,67820.63,69692.0,67447.83,68896.0,20134.28919,1712447999999,1373131967.7648187,1171460,9973.86412,680800856.2096505,0
2024-04-07,68896.0,70326.29,68824.0,69360.39,21534.74433,1712534399999,1496213373.1855776,1269048,11149.90398,774906774.5282812,0
2024-04-08,69360.38,72797.99,69043.24,71620.0,45723.87624,1712620799999,3270853309.6629424,2037025,25309.90487,1811209901.716354,0
2024-04-09,71620.0,71758.19,68210.0,69146.0,39293.90242,1712707199999,2749007421.6421075,1804157,18896.53756,1321865585.2380521,0
2024-04-10,69146.0,71172.08,67518.0,70631.08,42006.02377,1712793599999,2901564970.815804,1852170,20269.34809,1401023003.7318227,0
2024-04-11,70631.08,71305.89,69567.21,70006.23,31917.25595,1712879999999,2247473274.6162577,1658995,15908.49124,1120249990.7357526,0
2024-04-12,70006.22,71227.46,65086.86,67116.52,56072.86229,1712966399999,3843551585.3212748,2496617,25935.86464,1777808491.1704543,0
2024-04-13,67116.52,67929.0,60660.57,63924.51,71395.22019,1713052799999,4614468627.809045,3341340,33221.6695,2144846149.680918,0
2024-04-14,63924.52,65840.0,62134.0,65661.84,61599.17818,1713139199999,3946124834.6970353,2657953,29732.29634,1904847012.5093086,0
2024-04-15,65661.85,66867.07,62274.4,63419.99,52389.53069,1713225599999,3398072231.5612235,2539048,25206.68008,1634572976.9398127,0
2024-04-16,63419.99,64365.0,61600.0,63793.39,53435.29331,1713311999999,3355338198.4469132,2604354,26041.2664,1635683129.3076532,0
2024-04-17,63793.4,64499.0,59678.16,61277.37,50610.54509,1713398399999,3128625247.4738536,2458327,24346.74671,1506361259.7013583,0
2024-04-18,61277.38,64117.09,60803.35,63470.08,43601.60918,1713484799999,2726741448.886802,2142511,20870.20705,1305027167.9395082,0
2024-04-19,63470.09,65450.0,59600.01,63818.01,69774.30271,1713571199999,4419893235.183288,2828284,34941.50216,2214809735.2402415,0
2024-04-20,63818.01,65419.0,63090.07,64940.59,23137.42975,1713657599999,1486949581.439479,1376712,11811.8444,759077474.2972904,0
2024-04-21,64940.58,65695.56,64237.5,64941.15,19316.42152,1713743999999,1254396628.1531765,1390153,9734.71767,632257865.0082499,0
2024-04-22,64941.15,67232.35,64500.0,66819.32,31397.99371,1713830399999,2071690434.976552,1816591,16466.05497,1086399264.6092272,0
2024-04-23,66819.32,67183.01,65765.81,66414.0,22599.90004,1713916799999,1502139968.7198818,1433915,10854.17402,721404825.847041,0
2024-04-24,66414.0,67070.43,63606.06,64289.59,33595.69637,1714003199999,2195714861.6576557,1784897,16899.50969,1104368114.1058698,0
2024-04-25,64289.58,65297.94,62794.0,64498.34,31341.46338,1714089599999,2007704069.2622728,1375324,14808.62959,948738136.268438,0
2024-04-26,64498.33,64820.01,63297.48,63770.01,27085.19346,1714175999999,1736631357.3537388,1025561,13570.23647,870093757.518899,0
2024-04-27,63770.0,63923.41,62391.24,63461.98,20933.06052,1714262399999,1320337707.7871158,912422,9903.95325,624733409.2112879,0
2024-04-28,63461.98,64370.0,62781.0,63118.62,16949.20005,1714348799999,1078450016.4732296,790652,7941.33811,505261267.5695052,0
2024-04-29,63118.62,64228.35,61765.53,63866.0,28150.22947,1714435199999,1765038324.6837213,1152296,13986.59437,877053322.3079969,0
2024-04-30,63866.0,64734.0,59191.6,60672.0,54947.65535,1714521599999,3372142467.4322524,1985671,26385.41614,1620421850.578699,0
2024-05-01,60672.01,60841.63,56552.82,58364.97,81166.46823,1714607999999,4705572361.7402,2401089,38203.57377,2213404278.590011,0
2024-05-02,58364.97,59625.0,56911.84,59060.61,47583.81961,1714694399999,2778840305.0505786,1572898,23240.7537,1356148775.8867364,0
2024-05-03,59060.6,63333.0,58811.32,62882.01,43628.40143,1714780799999,2658193708.347904,1558661,22145.44334,1349687455.5957608,0
2024-05-04,62882.01,64540.0,62541.03,63892.04,24368.69282,1714867199999,1547468697.8765798,1113509,12671.20599,804768764.3062501,0
2024-05-05,63892.03,64646.0,62822.17,64012.0,18526.75029,1714953599999,1182572239.5306182,992921,8954.93439,571783428.2394707,0
2024-05-06,64012.0,65500.0,62700.0,63165.19,34674.91949,1715039999999,2218131198.4661326,1392557,17179.56031,1099303474.2805216,0
2024-05-07,63165.18,64422.41,62261.0,62312.08,25598.79472,1715126399999,1624531631.592377,1272898,12502.38281,793575994.2141025,0
2024-05-08,62312.07,63020.22,60888.0,61193.03,26121.19004,1715212799999,1623561041.1255188,1415152,12669.58179,787749415.5480814,0
2024-05-09,61193.03,63429.03,60630.0,63074.01,30660.8061,1715299199999,1895849912.7734754,1381957,15120.01471,935341755.6782354,0
2024-05-10,63074.0,63469.13,60187.12,60799.99,36529.34025,1715385599999,2255550468.413852,1500643,18066.83174,1116494638.2804892,0
2024-05-11,60799.99,61515.0,60487.09,60825.99,13374.56936,1715471999999,814928013.4573288,753281,6223.09555,379263096.215133,0
2024-05-12,60825.99,61888.0,60610.0,61483.99,12753.13236,1715558399999,781041632.4623835,727113,6416.91108,393132351.8883925,0
2024-05-13,61484.0,63450.0,60749.21,62940.08,32733.41839,1715644799999,2041896626.6108148,1371433,16717.90863,1043060982.3574601,0
2024-05-14,62940.09,63118.36,61142.77,61577.49,29088.72041,1715731199999,1800171876.1676655,1127939,13815.81443,855088066.212488,0
2024-05-15,61577.49,66444.16,61319.47,66206.5,43559.74719,1715817599999,2794259631.8910465,1729454,21797.84094,1398781701.4413886,0
2024-05-16,66206.51,66752.01,64602.77,65235.21,31106.3671,1715903999999,2045507646.8293848,1269793,15645.11263,1028962305.104384,0
2024-05-17,65235.21,67451.2,65106.38,67024.0,26292.23409,1715990399999,1745971822.3447454,1117254,13301.09525,883129353.163343,0
2024-05-18,67024.0,67400.01,66600.0,66915.2,14441.25774,1716076799999,967145944.6835316,734067,6911.13424,462859253.5879108,0
2024-05-19,66915.2,67700.0,65857.25,66274.01,18025.30409,1716163199999,1204989222.8768685,823729,8692.17507,581378180.3374597,0
2024-05-20,66274.0,71515.56,66060.31,71446.62,50816.7011,1716249599999,3485474763.752294,1930939,26792.52994,1839346667.540789,0
2024-05-21,71446.62,71979.0,69162.94,70148.34,49607.4336,1716335999999,3509345769.233608,2137448,24686.27911,1746693652.328722,0
2024-05-22,70148.34,70666.0,68842.19,69166.62,27673.18026,1716422399999,1931700812.3032143,1371973,13124.78731,916344293.9104757,0
2024-05-23,69166.62,70096.12,66312.16,67969.65,40513.17374,1716508799999,2766790260.7886024,1827855,19791.15119,1351640092.5813658,0
2024-05-24,67969.66,69250.0,66600.12,68549.99,28095.83664,1716595199999,1906438696.7156012,1165907,14344.29889,973457354.6957757,0
2024-05-25,68549.99,69610.0,68500.0,69290.57,12130.39418,1716681599999,837339788.9838961,703803,5851.95991,403954862.6694792,0
2024-05-26,69290.56,69562.23,68128.01,68507.67,11872.11797,1716767999999,818914878.9908898,722849,5934.62083,409411078.5460924,0
2024-05-27,68507.67,70687.56,68250.0,69436.43,23136.92737,1716854399999,1604722197.8374028,1219341,11709.62174,812172288.2576373,0
2024-05-28,69436.43,69591.81,67277.91,68398.39,32622.97042,1716940799999,2224860225.7992225,1459351,15543.09776,1059920452.3146172,0
2024-05-29,68398.4,68935.68,67124.65,67652.42,23159.83149,1717027199999,1573095221.6483984,1221044,11748.55954,797928379.3669178,0
2024-05-30,67652.41,69500.0,67128.0,68352.17,28478.2184,1717113599999,1945001081.5215867,1272851,14074.36655,961595245.1787834,0
2024-05-31,68352.17,69044.1,66670.0,67540.01,26690.32184,1717199999999,1812659052.2496767,1177860,13258.10182,900414200.1161768,0
2024-06-01,67540.01,67900.0,67428.44,67766.85,8837.66133,1717286399999,598305207.9932046,638484,4235.27045,286752060.4028929,0
2024-06-02,67766.84,68460.0,67257.47,67765.63,15426.32529,1717372799999,1046827665.3829314,812348,7760.23377,526768921.1262222,0
2024-06-03,67765.62,70288.0,67612.48,68809.9,29633.374,1717459199999,2047757076.2268357,1253789,15308.67275,1058024704.3533732,0
2024-06-04,68809.89,71063.45,68567.32,70537.84,29619.78489,1717545599999,2069902136.99324,1254515,14922.96734,1043071241.6284808,0
2024-06-05,70537.83,71758.0,70383.66,71108.0,28703.18082,1717631999999,2040073765.8676395,1055115,14210.23392,1010053925.7910814,0
2024-06-06,71108.0,71700.0,70117.64,70799.06,21842.00449,1717718399999,1551467659.1542966,900226,10287.3911,730849194.230399,0
2024-06-07,70799.06,71997.02,68420.0,69355.6,35598.45045,1717804799999,2507250591.3329782,1516415,17318.78051,1220810920.344433,0
2024-06-08,69355.6,69582.2,69168.02,69310.46,9773.82967,1717891199999,678267390.5310388,714103,4772.23036,331182466.9003425,0
2024-06-09,69310.46,69857.14,69130.24,69648.14,9890.56709,1717977599999,687344656.0725566,575583,4883.69296,339405376.0815447,0
2024-06-10,69648.15,70195.94,69172.29,69540.0,17122.66941,1718063999999,1192466549.9691226,936731,8412.00246,585909223.775813,0
2024-06-11,69540.0,69590.01,66051.0,67314.24,41436.01588,1718150399999,2793799020.4691243,1782415,19839.8232,1337254654.9989924,0
2024-06-12,67314.23,69999.0,66905.0,68263.99,37175.32356,1718236799999,2550285139.184372,1670745,18975.89081,1302069589.6416814,0
2024-06-13,68263.98,68449.3,66251.78,66773.01,29079.55571,1718323199999,1958897960.9172916,1518202,13886.14007,935614189.6986811,0
2024-06-14,66773.01,67370.24,65078.0,66043.99,28408.18797,1718409599999,1884451554.428285,1736314,13619.40861,903708200.7849749,0
2024-06-15,66043.99,66478.48,65857.1,66228.25,11451.80242,1718495999999,758175888.0283372,700886,5495.02083,363796116.4535752,0
2024-06-16,66228.25,66998.7,66034.5,66676.87,9392.52223,1718582399999,624653672.6138575,703295,4750.05166,315940653.9926121,0
2024-06-17,66676.86,67298.81,65130.0,66504.33,27386.16851,1718668799999,1812061226.7565656,1542620,13716.89431,907703353.5304953,0
2024-06-18,66504.33,66588.23,64060.0,65175.32,42350.10244,1718755199999,2755141806.0310903,2151711,20076.41361,1305946733.5892808,0
2024-06-19,65175.32,65727.54,64666.0,64974.37,20060.79576,1718841599999,1307731953.9545317,1078458,10289.7818,670875724.3137285,0
2024-06-20,64974.37,66482.94,64559.15,64869.99,24265.29031,1718927999999,1584896152.1663702,1282687,11828.87934,772646071.2169966,0
2024-06-21,64869.99,65066.66,63379.35,64143.56,25993.56442,1719014399999,1665541539.708616,1362617,12543.2596,803462610.6919086,0
2024-06-22,64143.56,64546.81,63943.82,64262.01,7308.95542,1719100799999,470027247.3402083,562832,3756.29045,241583895.4543618,0
2024-06-23,64262.01,64521.0,63178.32,63210.01,8224.45447,1719187199999,526848525.0029452,592759,3974.67964,254685735.5338773,0
2024-06-24,63210.01,63369.8,58402.0,60293.3,52161.35414,1719273599999,3180853460.924751,2190787,24495.59428,1493633137.5266542,0
2024-06-25,60293.3,62420.0,60257.06,61806.01,31189.24361,1719359999999,1914901308.84587,1277481,15360.08458,943071608.5109415,0
2024-06-26,61806.01,62487.81,60712.0,60864.99,22485.66463,1719446399999,1381716993.3554919,1112152,11435.02653,702676210.4365481,0
2024-06-27,60864.98,62389.22,60606.63,61706.47,18344.28631,1719532799999,1126705164.782892,1062176,9298.265,570914131.0571834,0
2024-06-28,61706.46,62225.31,60063.0,60427.84,24821.19255,1719619199999,1519872032.026636,1479626,12661.53908,775499790.7912346,0
2024-06-29,60427.84,61224.0,60383.77,60986.68,11509.55904,1719705599999,701345872.4881144,767669,5461.68911,332791254.6908993,0
2024-06-30,60986.68,63058.76,60712.21,62772.01,17326.30136,1719791999999,1070250012.5446604,1108912,8224.44601,508208752.0856987,0
2024-07-01,62772.01,63861.76,62497.2,62899.99,24547.10538,1719878399999,1550980813.6701345,1461508,12388.60654,782785773.8355592,0
2024-07-02,62900.0,63288.83,61806.28,62135.47,18573.11875,1719964799999,1160792332.6175597,1308816,9453.17931,590763216.5799825,0
2024-07-03,62135.46,62285.94,59400.0,60208.58,32160.11127,1720051199999,1945901232.9066572,1839372,15055.45492,910631739.6738483,0
2024-07-04,60208.57,60498.19,56771.0,57050.01,54568.77276,1720137599999,3168619756.2436485,2523236,24982.98822,1450509608.6804216,0
2024-07-05,57050.02,57546.0,53485.93,56628.79,81348.24756,1720223999999,4515040083.536515,3749255,37926.65162,2104682004.5166821,0
2024-07-06,56628.79,58475.0,56018.0,58230.13,21651.31558,1720310399999,1235398733.4357028,1411065,11083.50401,632724011.5474728,0
2024-07-07,58230.13,58449.46,55724.37,55857.81,19118.93918,1720396799999,1094135752.452869,1289229,9081.66872,519830378.935563,0
2024-07-08,55857.81,58236.73,54260.16,56714.62,48090.2049,1720483199999,2699942701.375511,2554389,23963.90684,1346497811.2117922,0
2024-07-09,56714.61,58296.0,56289.45,58050.0,27732.20788,1720569599999,1592351321.655387,1757693,14143.25001,812249336.7493434,0
2024-07-10,58050.0,59470.0,57157.79,57725.85,24951.73799,1720655999999,1452293495.6501489,1766696,12423.53162,723209557.6496755,0
2024-07-11,57725.85,59650.0,57050.0,57339.89,29761.05735,1720742399999,1728929618.0583844,2157661,15019.30135,872986677.1195273,0
2024-07-12,57339.89,58526.68,56542.47,57889.1,23652.4569,1720828799999,1360201319.0761504,1749738,11488.82545,661028735.6644312,0
2024-07-13,57889.09,59850.0,57756.63,59204.02,15357.74519,1720915199999,900429281.1482327,1114391,7889.36244,462600767.8610776,0
2024-07-14,59204.01,61420.69,59194.01,60797.91,21178.33907,1721001599999,1273562988.611176,1456088,10479.46025,630300143.2598463,0
2024-07-15,60797.91,64900.0,60632.3,64724.14,38690.9782,1721087999999,2435540879.0289335,2600425,19076.54212,1201411783.6666038,0
2024-07-16,64724.06,65388.97,62373.24,65043.99,42530.52915,1721174399999,2725231969.2884507,2484783,21595.04799,1384337933.3310027,0
2024-07-17,65044.0,66128.63,63854.0,64087.99,29567.52954,1721260799999,1922412273.0882094,1868671,14616.17013,950725865.5856608,0
2024-07-18,64087.99,65133.3,63238.48,63987.92,22568.7225,1721347199999,1449872437.6497972,1696742,11288.35191,725073622.705674,0
2024-07-19,63987.92,67386.0,63300.67,66660.0,35634.72739,1721433599999,2331517674.368659,2184889,17971.06949,1176753281.038326,0
2024-07-20,66660.01,67598.0,66222.46,67139.96,14386.92434,1721519999999,961878801.8482211,995093,6868.63454,459313955.2534891,0
2024-07-21,67139.97,68366.66,65777.0,68165.34,21819.11191,1721606399999,1465757867.9747434,1322942,11412.05459,766856991.8425376,0
2024-07-22,68165.35,68474.55,66559.97,67532.01,21451.04303,1721692799999,1448418369.8467097,1558140,10263.9504,693063991.1191068,0
2024-07-23,67532.0,67750.98,65441.08,65936.01,31406.15316,1721779199999,2088544473.3235078,1772089,15168.84798,1008794779.0389912,0
2024-07-24,65936.0,67102.01,65111.0,65376.0,23082.56277,1721865599999,1526490826.4669967,1391053,10827.75551,716084205.2016414,0
2024-07-25,65376.01,66175.49,63456.7,65799.95,35126.42934,1721951999999,2266419771.224864,1830360,16579.45258,1070150879.3639548,0
2024-07-26,65799.95,68200.0,65722.63,67907.99,24244.36023,1722038399999,1630839588.6966548,1406982,12444.52129,837159298.5663502,0
2024-07-27,67908.0,69399.99,66650.0,67896.5,31710.21921,1722124799999,2162335067.0234175,1690591,15838.9282,1080427116.1916444,0
2024-07-28,67896.49,68318.43,67066.66,68249.88,10868.69394,1722211199999,736755676.1377451,821210,5403.48694,366295409.635027,0
2024-07-29,68249.88,70079.99,66428.0,66784.69,36467.29633,1722297599999,2499265962.091455,1952812,18196.23316,1248743452.5576787,0
2024-07-30,66784.68,67000.0,65302.67,66188.0,23132.25441,1722383999999,1533270724.799421,1622083,11096.82554,735708436.0236866,0
2024-07-31,66188.0,66849.24,64530.0,64628.0,22625.43905,1722470399999,1489443332.5960116,1609976,10818.48504,712275323.706937,0
2024-08-01,64628.01,65659.78,62302.0,65354.02,35542.26854,1722556799999,2270877792.65868,2397257,16886.93292,1079221072.7580278,0
2024-08-02,65354.02,65596.14,61230.01,61498.33,38820.42937,1722643199999,2469588785.6981573,2457735,18202.35794,1158565579.090291,0
2024-08-03,61498.34,62198.22,59850.0,60697.99,28034.71567,1722729599999,1711555901.18011,1669555,12947.95791,790701622.6375737,0
2024-08-04,60697.99,61117.63,57122.77,58161.0,31616.52003,1722815999999,1874490041.5437353,1886195,14556.6247,863334319.9678984,0
2024-08-05,58161.0,58305.59,49000.0,54018.81,162065.59186,1722902399999,8580928177.429901,7568497,77363.26323,4097736999.0679235,0
2024-08-06,54018.82,57040.99,53950.0,56022.01,55884.77676,1722988799999,3119018848.329888,3433824,27934.19288,1559417942.6490836,0
2024-08-07,56022.0,57736.05,54558.62,55134.16,44269.37684,1723075199999,2490553853.602583,2397504,21897.14983,1232415104.4472857,0
2024-08-08,55133.76,62745.14,54730.0,61685.99,48349.52949,1723161599999,2836312292.431818,2603042,25676.29533,1508140014.0005167,0
2024-08-09,61686.0,61744.37,59535.0,60837.99,30972.48017,1723247999999,1878350555.5122633,1827809,15023.05073,911225295.6263436,0
2024-08-10,60837.99,61470.58,60242.0,60923.51,9995.20621,1723334399999,607372221.2460397,800499,4893.63854,297435046.0025079,0
2024-08-11,60923.51,61858.0,58286.73,58712.59,19189.84512,1723420799999,1152081498.1567774,1319469,9094.74521,546165456.9550736,0
2024-08-12,58712.59,60711.09,57642.21,59346.64,37009.91743,1723507199999,2186851067.316586,2293837,18279.26596,1080368631.1427846,0
2024-08-13,59346.64,61578.1,58392.88,60587.15,27858.95851,1723593599999,1668247896.8477187,1713485,13647.22341,817397824.2293857,0
2024-08-14,60587.16,61800.0,58433.18,58683.39,28422.76326,1723679999999,1705464263.505865,1729342,13263.8962,796386901.3641165,0
2024-08-15,58683.39,59849.38,56078.54,57541.06,37686.17622,1723766399999,2194915865.052229,2507858,17255.22311,1005337423.7264239,0
2024-08-16,57541.05,59817.76,57098.62,58874.6,27610.84344,1723852799999,1614654900.3332715,1999539,13963.51824,816740633.5454462,0
2024-08-17,58874.59,59700.0,58785.05,59491.99,7721.72931,1723939199999,457737705.7722839,807159,3871.6531,229477473.8098391,0
2024-08-18,59491.99,60284.99,58408.92,58427.35,13634.85717,1724025599999,813166580.7264851,1099730,6660.58254,397459480.8719823,0
2024-08-19,58427.35,59617.63,57787.3,59438.5,22809.31251,1724111999999,1336287900.197634,1636295,11350.30776,665066212.7595356,0
2024-08-20,59438.5,61400.0,58548.23,59013.8,31477.44548,1724198399999,1890620149.7910202,1904519,16041.22019,964180516.1529399,0
2024-08-21,59013.8,61820.93,58783.47,61156.03,27983.6422,1724284799999,1682529555.0960546,1981525,14156.90984,851829721.3994548,0
2024-08-22,61156.03,61400.0,59724.87,60375.84,21241.20588,1724371199999,1288544247.9560175,1718280,10269.33376,623042041.0781735,0
2024-08-23,60375.83,64955.0,60342.14,64037.24,38118.07089,1724457599999,2375916932.7935486,2555682,20372.88336,1270318490.0257754,0
2024-08-24,64037.24,64494.5,63531.0,64157.01,15857.15616,1724543999999,1015774255.1740764,1551856,7643.02686,489673236.6598002,0
2024-08-25,64157.02,65000.0,63773.27,64220.0,12305.47977,1724630399999,789935122.9930242,1263065,6315.72233,405555580.8604438,0
2024-08-26,64219.99,64481.0,62800.0,62834.0,19470.05276,1724716799999,1238341818.4320166,2152841,8995.67609,572188217.6295675,0
2024-08-27,62834.0,63212.0,58034.01,59415.0,35135.94178,1724803199999,2158144642.992993,2995281,15873.1536,975361314.8776591,0
2024-08-28,59415.0,60234.98,57860.0,59034.9,36868.54275,1724889599999,2183054412.974087,3664134,17135.91162,1014904733.0685129,0
2024-08-29,59034.9,61166.99,58713.09,59359.01,27020.90743,1724975999999,1617931684.258576,2743900,13152.3859,787682410.3518869,0
2024-08-30,59359.0,59944.07,57701.1,59123.99,28519.32195,1725062399999,1680918972.4658496,2845696,13783.34749,812769089.2849813,0
2024-08-31,59123.99,59462.38,58744.0,58973.99,8798.409,1725148799999,519849184.8690446,895944,4195.93079,247955494.3591592,0
2024-09-01,58974.0,59076.59,57201.0,57301.86,20705.15741,1725235199999,1202176847.3910584,2153180,9651.50531,560452387.8985474,0
2024-09-02,57301.77,59425.69,57128.0,59132.13,22895.01461,1725321599999,1333092369.4465685,1966119,11295.25452,657496577.6304803,0
2024-09-03,59132.12,59809.65,57415.0,57487.73,22828.18447,1725407999999,1335076815.8599248,2208758,10979.79204,642252673.1132113,0
2024-09-04,57487.74,58519.0,55606.0,57970.9,35560.82146,1725494399999,2027630870.1796753,3177549,16861.75483,961923197.778253,0
2024-09-05,57970.9,58327.07,55643.65,56180.0,27806.91413,1725580799999,1577770853.1007974,3368058,12955.8897,734996919.3590955,0
2024-09-06,56180.0,57008.0,52550.0,53962.97,54447.76826,1725667199999,2988914918.924334,5287281,25325.18849,1390546230.881093,0
2024-09-07,53962.97,54850.0,53745.54,54160.86,16694.04774,1725753599999,905693342.5898322,1920923,8023.90683,435381439.0095956,0
2024-09-08,54160.86,55318.0,53629.01,54869.95,16274.14779,1725839999999,885743172.9184759,1796092,8031.76084,437221897.1104152,0
2024-09-09,54869.95,58088.0,54591.96,57042.0,32384.51737,1725926399999,1809715390.0493293,3355912,16412.83148,917669512.2220293,0
2024-09-10,57042.01,58044.36,56386.4,57635.99,23626.78126,1726012799999,1349365460.0900571,2843148,11690.37506,667774722.6993911,0
2024-09-11,57635.99,57981.71,55545.19,57338.0,33026.56757,1726099199999,1875738697.3784153,4045103,15979.30786,907634258.5649891,0
2024-09-12,57338.0,58588.0,57324.0,58132.32,31074.40631,1726185599999,1802848638.0757017,3706764,14783.00418,857572456.5100869,0
2024-09-13,58132.31,60625.0,57632.62,60498.0,29825.23333,1726271999999,1760671733.5492997,3378012,15395.13731,909141733.9747654,0
2024-09-14,60497.99,60610.45,59400.0,59993.03,12137.90901,1726358399999,728527024.3416963,1288784,5570.22098,334303099.7432136,0
2024-09-15,59993.02,60395.8,58691.05,59132.0,13757.92361,1726444799999,822410872.3906956,1552950,6431.24697,384460724.5703967,0
2024-09-16,59132.0,59210.7,57493.3,58213.99,26477.5642,1726531199999,1543273198.7027452,3145152,12859.7584,749563220.8060508,0
2024-09-17,58213.99,61320.0,57610.01,60313.99,33116.25878,1726617599999,1983378424.775704,3918209,16390.65993,981860543.2735815,0
2024-09-18,60313.99,61786.24,59174.8,61759.99,36087.02469,1726703999999,2174000496.820776,5167671,18429.59712,1110622778.7510853,0
2024-09-19,61759.98,63850.0,61555.0,62947.99,34332.52608,1726790399999,2153175931.1738715,4438284,17609.62958,1104427424.5246968,0
2024-09-20,62948.0,64133.32,62350.0,63201.05,25466.37794,1726876799999,1611195963.9908044,3969296,12411.32227,785440558.8125728,0
2024-09-21,63201.05,63559.9,62758.0,63348.96,8375.34608,1726963199999,528657852.3183024,1283611,3877.73743,244802615.7845593,0
2024-09-22,63348.97,64000.0,62357.93,63578.76,14242.19892,1727049599999,897477338.3735127,2145736,6923.17369,436456231.9537881,0
2024-09-23,63578.76,64745.88,62538.75,63339.99,24078.05287,1727135999999,1531015038.3680267,3999187,12331.07643,784350440.7145653,0
2024-09-24,63339.99,64688.0,62700.0,64262.7,23185.04759,1727222399999,1472720338.8562915,3870157,11522.89363,732118662.4171054,0
2024-09-25,64262.7,64817.99,62947.08,63152.01,17813.11168,1727308799999,1135250828.2732148,3355531,8384.67983,534590429.2105493,0
2024-09-26,63152.01,65839.0,62670.0,65173.99,28373.30593,1727395199999,1831204595.9448967,4361333,15041.9886,971176161.3870806,0
2024-09-27,65173.99,66498.0,64819.9,65769.95,22048.80487,1727481599999,1448852210.3602211,3498529,11092.85716,729156061.3679231,0
2024-09-28,65769.95,66260.0,65422.23,65858.0,9127.23316,1727567999999,600118483.1222521,1341703,4501.22534,296026669.8337066,0
2024-09-29,65858.0,66076.12,65432.0,65602.01,8337.74111,1727654399999,547980013.7152303,1413449,4132.9378,271622295.3535291,0
2024-09-30,65602.01,65618.8,62856.3,63327.59,30011.08752,1727740799999,1920250261.7442162,3978584,14451.93044,924324016.7358449,0
2024-10-01,63327.6,64130.63,60164.0,60805.78,43671.48108,1727827199999,2723672081.8326254,5607069,20951.74486,1308603194.3310401,0
2024-10-02,60804.92,62390.31,60000.0,60649.28,31534.70118,1727913599999,1928377637.836784,5313210,15719.32519,961468320.5154727,0
2024-10-03,60649.27,61477.19,59828.11,60752.71,26221.43472,1727999999999,1590773866.8074434,5244004,12906.51464,783073701.7331173,0
2024-10-04,60752.72,62484.85,60459.9,62086.0,21294.65994,1728086399999,1311145630.5020497,3798631,10689.34488,658151113.9351828,0
2024-10-05,62086.0,62370.56,61689.26,62058.0,7807.46141,1728172799999,484588468.3419123,1183175,3690.55536,229107774.75427,0
2024-10-06,62058.01,62975.0,61798.97,62819.91,8906.86177,1728259199999,555669634.4773514,1556553,4798.29924,299426562.8303448,0
2024-10-07,62819.91,64478.19,62128.0,62224.0,25966.1852,1728345599999,1646315506.5791945,4809342,12760.73415,809108823.5126126,0
2024-10-08,62224.01,63200.0,61860.31,62160.49,19702.22371,1728431999999,1230076253.818657,3798438,9614.36947,600357593.787378,0
2024-10-09,62160.5,62543.75,60301.0,60636.02,20011.15684,1728518399999,1234778807.5932417,3668363,9454.70171,583725546.0309885,0
2024-10-10,60636.01,61321.68,58946.0,60326.39,23967.92481,1728604799999,1445604381.9363792,3872577,10827.77272,653182369.9427671,0
2024-10-11,60326.4,63417.56,60087.64,62540.0,23641.35209,1728691199999,1462219576.849865,3222180,12099.56755,748431117.9165705,0
2024-10-12,62539.99,63480.0,62487.23,63206.22,10911.30116,1728777599999,686978508.9887543,1770837,5196.91695,327263147.4760401,0
2024-10-13,63206.23,63285.72,62050.0,62870.02,11909.21995,1728863999999,746564374.2082387,2242529,5855.04617,367046338.9194209,0
2024-10-14,62870.02,66500.0,62457.81,66083.99,37669.95222,1728950399999,2450094472.813545,4977577,19941.11906,1297062359.2474864,0
2024-10-15,66084.0,67950.0,64800.01,67074.14,43683.95423,1729036799999,2894021862.319518,6245619,21820.682,1446378130.5659852,0
2024-10-16,67074.14,68424.0,66750.49,67620.01,29938.25544,1729123199999,2024560410.1062675,5109685,15212.87402,1029210667.4758284,0
2024-10-17,67620.0,67939.4,66666.0,67421.78,25328.22861,1729209599999,1702164439.5654595,3981960,12153.94712,816887407.4042379,0
2024-10-18,67421.78,69000.0,67192.36,68428.0,28725.635,1729295999999,1959735899.8769643,4010969,14218.1785,970440964.2668117,0
2024-10-19,68427.99,68693.26,68010.0,68378.0,8193.66737,1729382399999,559628628.9613105,1152428,4071.19627,278085065.5176925,0
2024-10-20,68377.99,69400.0,68100.0,69031.99,12442.47378,1729468799999,854082429.8105861,1563795,6772.92574,465001555.930983,0
2024-10-21,69032.0,69519.52,66840.67,67377.5,31374.42184,1729555199999,2130833593.5466976,3686777,13593.60828,923860758.4208844,0
2024-10-22,67377.5,67836.01,66571.42,67426.0,24598.96268,1729641599999,1654285791.6605556,3669291,12400.51857,834160889.2398736,0
2024-10-23,67426.01,67472.83,65260.0,66668.65,25530.2407,1729727999999,1695101430.9187467,3807365,11888.33995,789384635.110686,0
2024-10-24,66668.65,68850.0,66510.0,68198.28,22589.83877,1729814399999,1526736320.912938,3797462,11502.58514,777936396.524746,0
2024-10-25,68198.27,68771.49,65596.29,66698.33,34479.71125,1729900799999,2320667435.293254,5332593,16031.032,1079347459.1549635,0
2024-10-26,66698.32,67454.55,66439.9,67092.76,11842.9077,1729987199999,792887047.147892,2373501,6069.18986,406369780.1532944,0
2024-10-27,67092.76,68332.05,66913.73,68021.7,8653.19592,1730073599999,585006148.4704809,1771989,4417.7362,298699666.9984393,0
2024-10-28,68021.69,70270.0,67618.0,69962.21,29046.75459,1730159999999,2005105729.8174448,4432446,15218.34976,1051606096.4298259,0
2024-10-29,69962.21,73620.12,69760.0,72736.42,50128.60594,1730246399999,3602465986.8917575,5645430,26898.46516,1932608784.1630373,0
2024-10-30,72736.41,72961.0,71436.0,72344.74,26885.99056,1730332799999,1941210537.2882867,4040734,13487.21433,973898183.7467278,0
2024-10-31,72344.75,72700.0,69685.76,70292.01,29352.10297,1730419199999,2091144977.4946847,4525542,14205.13879,1012048241.8498938,0
2024-11-01,70292.01,71632.95,68820.14,69496.01,38301.86755,1730505599999,2677358022.00497,4569271,18044.1622,1261663986.7596903,0
2024-11-02,69496.0,69914.37,69000.14,69374.74,10521.67243,1730591999999,731232427.6311548,1603561,5227.50713,363370734.8158011,0
2024-11-03,69374.74,69391.0,67478.73,68775.99,24995.70243,1730678399999,1709666206.4062023,3668029,12277.58177,839939073.1389577,0
2024-11-04,68775.99,69500.0,66835.0,67850.01,29800.39187,1730764799999,2033902307.0027761,5377048,14927.24077,1019257547.5246849,0
2024-11-05,67850.01,70577.91,67476.63,69372.01,33355.06888,1730851199999,2310418908.069922,4955644,17059.88663,1181816730.9237833,0
2024-11-06,69372.01,76400.0,69298.0,75571.99,104126.994787,1730937599999,7702283270.258009,8434184,53243.884427,3938516657.2327332,0
2024-11-07,75571.99,76849.99,74416.0,75857.89,44869.422345,1731023999999,3391796661.9719553,5207722,21805.460295,1648278335.300733,0
2024-11-08,75857.89,77199.99,75555.0,76509.78,36521.099583,1731110399999,2784449097.5315185,4877489,17555.393633,1339019332.1967125,0
2024-11-09,76509.78,76900.0,75714.66,76677.46,16942.07915,1731196799999,1294709001.60289,2585264,8032.79327,614028515.3001705,0
2024-11-10,76677.46,81500.0,76492.0,80370.01,61830.100435,1731283199999,4905441473.900737,7128598,32751.012177,2597409399.234963,0
2024-11-11,80370.01,89530.54,80216.01,88647.99,82323.665776,1731369599999,6944268709.942721,9348890,42837.295314,3613896167.371912,0
2024-11-12,88648.0,89940.0,85072.0,87952.01,97299.887911,1731455999999,8540084566.279819,11499058,49589.333451,4353451682.829404,0
2024-11-13,87952.0,93265.64,86127.99,90375.2,86763.854127,1731542399999,7790928962.043038,11962100,44342.329327,3983689817.4014444,0
2024-11-14,90375.21,91790.0,86668.21,87325.59,56729.51086,1731628799999,5073860815.928665,9828858,27940.856,2499212755.773147,0
2024-11-15,87325.59,91850.0,87073.38,91032.07,47927.95068,1731715199999,4276238971.1814294,8009111,24800.61087,2213154236.5096154,0
2024-11-16,91032.08,91779.66,90056.17,90586.92,22717.87689,1731801599999,2067958511.9048474,4239455,11496.31366,1046686701.0029461,0
2024-11-17,90587.98,91449.99,88722.0,89855.99,23867.55609,1731887999999,2153871724.810395,4930719,11852.78227,1070094820.6738938,0
2024-11-18,89855.98,92594.0,89376.9,90464.08,46545.03448,1731974399999,4239909950.661894,7161125,23628.87098,2153158394.316311,0
2024-11-19,90464.07,93905.51,90357.0,92310.79,43660.04682,1732060799999,4025108502.849614,5647789,22127.852724,2040301638.1161728,0
2024-11-20,92310.8,94831.97,91500.0,94286.56,42203.198712,1732147199999,3950932314.646069,7365987,20425.307962,1912348704.247262,0
2024-11-21,94286.56,98988.0,94040.0,98317.12,69228.360477,1732233599999,6722807908.325656,9048605,35424.063227,3440467290.318527,0
2024-11-22,98317.12,99588.01,97122.11,98892.0,46189.309243,1732319999999,4555536773.363205,7271311,22709.668193,2240635299.646484,0
2024-11-23,98892.0,98908.85,97136.0,97672.4,24757.84367,1732406399999,2431609866.3295145,3839138,11176.2487,1097538914.9412584,0
2024-11-24,97672.4,98564.0,95734.77,97900.04,31200.97838,1732492799999,3034172011.9517884,4964720,15124.12176,1471313633.7467725,0
2024-11-25,97900.05,98871.8,92600.19,93010.01,50847.45096,1732579199999,4883444806.322193,8289691,23486.92705,2255516841.6102185,0
2024-11-26,93010.01,94973.37,90791.1,91965.16,57858.73138,1732665599999,5370918648.818167,10225809,29120.26765,2702543576.089108,0
2024-11-27,91965.16,97208.21,91792.14,95863.11,41153.42734,1732751999999,3894358511.617565,6648690,20316.58245,1922620637.3076186,0
2024-11-28,95863.11,96564.0,94640.0,95643.98,28814.54357,1732838399999,2749861591.2596097,4988161,14805.69321,1412851841.0751946,0
2024-11-29,95643.99,98619.99,95364.99,97460.0,27701.78231,1732924799999,2690451030.6342874,5094070,13840.21172,1344148785.2636425,0
2024-11-30,97460.0,97463.95,96092.01,96407.99,14503.83306,1733011199999,1402672950.6998208,3354759,7075.91503,684284805.0234444,0
2024-12-01,96407.99,97836.0,95693.88,97185.18,16938.60452,1733097599999,1641327626.6062205,3342200,8114.89569,786489040.1936378,0
2024-12-02,97185.17,98130.0,94395.0,95840.62,37958.66981,1733183999999,3646639621.737588,7560103,18821.93327,1808458555.890584,0
2024-12-03,95840.61,96305.52,93578.17,95849.69,35827.32283,1733270399999,3413995542.0186563,5361712,17339.11167,1652090703.1755955,0
2024-12-04,95849.69,99000.0,94587.83,98587.32,43850.53728,1733356799999,4241994533.786106,6648724,22033.60112,2132655972.045,0
2024-12-05,98587.32,104088.0,90500.0,96945.63,109921.729662,1733443199999,11048002942.149931,12012364,56235.078356,5657171374.763455,0
2024-12-06,96945.63,101898.99,95981.72,99740.84,45049.5331,1733529599999,4456641685.364444,6919102,21999.62416,2175645718.5533605,0
2024-12-07,99740.84,100439.18,98844.0,99831.99,14931.9459,1733615999999,1487953846.8385458,2634566,6776.55,675350661.2973348,0
2024-12-08,99831.99,101351.0,98657.7,101109.59,14612.99688,1733702399999,1459576946.402151,2994709,7152.80173,714745738.9188356,0
2024-12-09,101109.6,101215.93,94150.05,97276.47,53949.11595,1733788799999,5283626995.705648,8445872,25472.08477,2495722030.5370946,0
2024-12-10,97276.48,98270.0,94256.54,96593.0,51708.68933,1733875199999,4988660195.092428,11556189,24523.09586,2367164879.170773,0
2024-12-11,96593.0,101888.0,95658.24,101125.0,37753.78291,1733961599999,3745703763.01845,8250511,19112.84559,1897146318.2111704,0
2024-12-12,101125.0,102540.0,99311.64,100004.29,29232.08745,1734047999999,2949462583.8661704,8066322,14175.88661,1430984456.6703606,0
2024-12-13,100004.29,101895.26,99205.0,101424.25,21904.03923,1734134399999,2203903393.0741005,5481660,10669.09365,1073720887.6354558,0
2024-12-14,101424.24,102650.0,100609.41,101420.0,14191.70326,1734220799999,1441594367.0463192,3374538,6790.24676,689981854.1394897,0
2024-12-15,101420.0,105250.0,101237.14,104463.99,22228.921775,1734307199999,2290462903.835791,3638809,12668.894355,1305611448.3000975,0
2024-12-16,104463.99,107793.07,103333.0,106058.66,41302.40274,1734393599999,4364964400.634553,8048054,20349.0995,2150550899.2475224,0
2024-12-17,106058.65,108353.0,105321.49,106133.74,29064.936466,1734479999999,3103833327.775107,7212799,14187.320446,1515158210.55198,0
2024-12-18,106133.74,106524.98,100000.0,100204.01,50307.99755,1734566399999,5194263316.259236,8762120,23308.37525,2407213144.2694983,0
2024-12-19,100204.01,102800.11,95700.0,97461.86,55147.398,1734652799999,5487546517.707752,7273941,26898.63715,2677636003.906506,0
2024-12-20,97461.86,98233.0,92232.54,97805.44,62884.1357,1734739199999,6022845238.832326,7429007,29463.23021,2822939306.663078,0
2024-12-21,97805.44,99540.61,96398.39,97291.99,23483.54143,1734825599999,2296232055.195926,3717638,11726.94119,1146732451.4218132,0
2024-12-22,97292.0,97448.08,94250.35,95186.27,19353.83036,1734911999999,1857819866.3603997,3633551,9293.39749,892081877.7627708,0
2024-12-23,95186.28,96538.92,92520.0,94881.47,32810.76703,1734998399999,3100007213.494563,5464919,16339.58355,1544707289.744369,0
2024-12-24,94881.47,99487.99,93569.02,98663.58,23674.22488,1735084799999,2287214424.7064757,3421549,11969.2539,1156798174.582326,0
2024-12-25,98663.58,99569.15,97632.02,99429.6,14474.1651,1735171199999,1426143976.0493636,3283028,7006.5265,690465056.5871859,0
2024-12-26,99429.61,99963.7,95199.14,95791.6,21192.36727,1735257599999,2049123567.3867724,5203490,10071.87249,973940616.1292443,0
2024-12-27,95791.6,97544.58,93500.01,94299.03,26501.26429,1735343999999,2528567849.7794614,5718866,12945.51657,1235623739.0578184,0
2024-12-28,94299.03,95733.99,94135.66,95300.0,8385.8929,1735430399999,794651624.8349555,2732061,4203.59876,398416342.128167,0
2024-12-29,95300.0,95340.0,93009.52,93738.2,13576.00578,1735516799999,1278370863.9768472,2865838,5651.38589,532195414.1027413,0
2024-12-30,93738.19,95024.5,91530.45,92792.05,27619.4225,1735603199999,2573126059.769478,5560563,13092.19646,1220209278.2523272,0
2024-12-31,92792.05,96250.0,92033.73,93576.0,19612.03389,1735689599999,1845718801.922704,3347847,9687.96775,911716321.605402,0
2025-01-01,93576.0,95151.15,92888.0,94591.79,10373.32613,1735775999999,975444194.1379983,1516556,5347.73648,502914035.6405907,0
2025-01-02,94591.78,97839.5,94392.0,96984.79,21970.48948,1735862399999,2118411852.6812794,3569079,10915.96986,1052226710.3336717,0
2025-01-03,96984.79,98976.91,96100.01,98174.18,15253.82936,1735948799999,1486610768.5907917,2851164,7468.60797,727787246.8965588,0
2025-01-04,98174.17,98778.43,97514.79,98220.5,8990.05651,1736035199999,881223751.6353602,1559982,4350.80221,426524714.1305539,0
2025-01-05,98220.51,98836.85,97276.79,98363.61,8095.63723,1736121599999,793931715.9546324,1685799,3877.90985,380355340.4686036,0
2025-01-06,98363.61,102480.0,97920.0,102235.6,25263.43375,1736207999999,2540561688.7771435,3853702,12539.59534,1260943259.4662561,0
2025-01-07,102235.6,102724.38,96181.81,96954.61,32059.87537,1736294399999,3170421659.717236,4480562,14815.11453,1464336049.7055345,0
2025-01-08,96954.6,97268.65,92500.9,95060.61,33704.67894,1736380799999,3205849081.112962,5171208,15803.85091,1503791328.6993084,0
2025-01-09,95060.61,95382.32,91203.67,92552.49,34544.83685,1736467199999,3217669887.245398,6027161,15323.62663,1427812152.272761,0
2025-01-10,92552.49,95836.0,92206.02,94726.11,31482.86424,1736553599999,2962085343.283704,5531444,15617.43823,1469711545.6571271,0
2025-01-11,94726.1,95050.94,93831.73,94599.99,7047.9043,1736639999999,665685994.93301,1496191,3412.37671,322346977.4354553,0
2025-01-12,94599.99,95450.1,93711.19,94545.06,8606.86622,1736726399999,813278829.6583949,1658863,4028.33031,380691769.9184427,0
2025-01-13,94545.07,95940.0,89256.69,94536.1,42619.56423,1736812799999,3930666134.3474574,5740963,19473.88042,1797888178.849608,0
2025-01-14,94536.11,97371.0,94346.22,96560.86,27846.61753,1736899199999,2676048470.3569503,4532923,14248.69616,1369464111.693496,0
2025-01-15,96560.85,100681.94,96500.0,100497.35,30509.99179,1736985599999,3006242382.8867946,3487945,15494.17873,1527728226.3083327,0
2025-01-16,100497.35,100866.66,97335.13,99987.3,27832.85317,1737071999999,2765162040.639799,3762755,13513.53707,1342462621.6273284,0
2025-01-17,99987.3,105865.22,99950.77,104077.48,39171.85292,1737158399999,4040993985.4750466,3886907,20673.213,2131223293.2048461,0
2025-01-18,104077.47,104988.88,102277.55,104556.23,24307.82998,1737244799999,2521522119.379525,3403162,11607.51274,1204170928.374812,0
2025-01-19,104556.23,106422.43,99651.6,101331.57,43397.28298,1737331199999,4513423971.410253,5271920,21079.51082,2193270771.0019445,0
2025-01-20,101331.57,109588.0,99550.0,108055.32,51493.164432,1737417599999,5434192640.0760765,6430837,26285.084232,2776156968.020436,0
